[
  {"key": "menuenter_title", "value": "{loaderName} がインストール完了！"},
  {"key": "menuenter_desc", "value": "{loaderName}のインストールが正常に完了しました！\n {loaderName}のUIはすぐに表示されるはずです。 {loaderName}は一人の人物によって制作されています。すべてが動作するとは限りませんし、バグも存在するかもしれません。\n質問や提案がある場合は、Discordサーバーで報告できます。楽しんで！"},
  {"key": "menuenter_desc_offline", "value": "{loaderName}は現在オフラインモードです。オンライン機能は無効になっています。オフラインモードを無効化する場合、ゲームの再起動が必要です。"},
  {"key": "continue_btn", "value": "続ける"},
  {"key": "close_btn", "value": "閉じる"},
  {"key": "fgc_title", "value": "エラー"},
  {"key": "fgc_desc", "value": "現在、クリエイティブモードで制作中のようです。追加モードで読み込むか、メインメニューに戻ってもう一度試してみてください。"},
  {"key": "fgc_ok_btn", "value": "OK"},
  {"key": "config_title", "value": "エラー"},
  {"key": "config_desc", "value": "一部設定に問題があるようです。すべてが正しく、設定が最新バージョン用に更新されていることを確認してください。\n\nError: {0}\n\nこのエラーを修正できそうにない場合は、設定ファイルの削除やMODの再インストールを試してみてください。"},
  {"key": "failedscene_title", "value": "シーンのロードに失敗"},
  {"key": "failedscene_desc", "value": "シーン名:\"{0}\" はゲームファイルに存在していないか削除されたようです。残念ながら、読み込むことはできません...\n"},
  {"key": "failedscene_success", "value": "以前のラウンド({0})が読み込まれます。"},
  {"key": "failedscene_failed", "value": "メニュー画面に戻ります。"},
  {"key": "img2fgc_title", "value": "注意事項"},
  {"key": "img2fgc_desc", "value": "このツールを使用する前に以下の文章をお読みください。\n\n使用方法\nIn \"画像名\" enter name of image that located in imgToFGC folder\nWidth/Height is a sizes of your image in round\nPress \"既存のマップをラウンドに置き換える\" button only after generating round and opening \"LOAD\" tab in Creative\n\nAfter pressing this button <b>ALL</b> of your existing rounds will be replaced by a map with your image, if you save your round when generated image round is loaded your original round <b>WILL BE LOST FOREVER!</b> Exit generated map if you want to back your original round\n\nYou can also edit colors generating via JSON that located in FallGuysTools folder (colors.json)"},
  {"key": "img2fgc_btn_ok", "value": "リスクを承知の上で使用する"},
  {"key": "img2fgc_btn_close", "value": "やめる"},
  {"key": "piracy_title", "value": "PIRACY IS NO FALLING"},
  {"key": "piracy_desc", "value": "Fall Guysの著作権侵害は著作権法違反です。ゲームを正式な場所からインストールしてください。"},
  {"key": "piracy1_title", "value": "クリティカルエラー"},
  {"key": "piracy1_desc", "value": "エラーが発生しました。ゲームを再起動せずにプレイを続けると、パフォーマンスに影響が出る可能性があります。"},
  {"key": "gui_hotkeys", "value": "ホットキー: {0} カーソル表示切替, {1} UI表示切替, {2} デバッグUI切替, {3} 飛行モード切替, {4} リスポーン, {5} チェックポイント, {6} フリーカメラ, {7} チェックポイントを初期位置にリセット"},
  {"key": "gui_show_loader", "value": "ショーローダー"},
  {"key": "gui_gen_cms_list", "value": "CMSからラウンドリストを生成"},
  {"key": "gui_print_show_list", "value": "ショーリストを生成"},
  {"key": "gui_play", "value": "プレイ"},
  {"key": "gui_random_round", "value": "ランダムラウンド"},
  {"key": "gui_menu", "value": "メインメニュー"},
  {"key": "gui_fix_obstacles", "value": "障害物の再構成"},
  {"key": "gui_hotkey_edit", "value": "ホットキーを編集"},
  {"key": "gui_ui", "value": "UI"},
  {"key": "gui_toggle_cursor", "value": "カーソル表示切替"},
  {"key": "gui_toggle_ui", "value": "UI表示切替"},
  {"key": "gui_toggle_img2fgc", "value": "Img2Fgc UI"},
  {"key": "gui_toggle_ffm", "value": "飛行モード"},
  {"key": "gui_toggle_media", "value": "画像UI"},
  {"key": "gui_gameplay", "value": "ゲームプレイ"},
  {"key": "gui_respawn", "value": "リスポーン"},
  {"key": "gui_checkpoint", "value": "チェックポイント"},
  {"key": "gui_fc", "value": "フリーカメラ"},
  {"key": "gui_toggle_fc", "value": "カメラ操作切替"},
  {"key": "gui_pause_fc", "value": "カメラを一時停止"},
  {"key": "gui_move_up", "value": "上昇"},
  {"key": "gui_move_down", "value": "下降"},
  {"key": "gui_move_forward", "value": "前方に移動"},
  {"key": "gui_exit", "value": "終了"},
  {"key": "gui_show_loader_desc", "value": "これはショーローダーです。選択したショー(ゲーム)のラウンドプールからランダムに選出されます。"},
  {"key": "gui_old_list", "value": "ラウンドリストが古いです。ここをクリックして更新します。"},
  {"key": "gui_update_list", "value": "リストを更新"},
  {"key": "gui_print_round_list", "value": "コンソールにラウンドリストを書き込む"},
  {"key": "gui_gen_round_list", "value": "CMSからラウンドリストを生成"},
  {"key": "gui_cms_loader", "value": "ラウンドﾛｰﾀﾞｰ"},
  {"key": "gui_edit_hotkeys", "value": "ホットキーを編集"},
  {"key": "gui_single_load", "value": "通常モードで読み込み"},
  {"key": "gui_additive_load", "value": "追加モードで読み込み"},
  {"key": "gui_input_wait_1", "value": "設定するキーを押す..."},
  {"key": "gui_input_wait_2", "value": "[ESC]でキャンセル"},
  {"key": "gui_img2fgc", "value": "FGCに画像をインポート"},
  {"key": "gui_img2fgc_img_name", "value": "画像名"},
  {"key": "gui_folder", "value": "フォルダ"},
  {"key": "gui_img2fgc_wh", "value": "よこ/たて"},
  {"key": "gui_img2fgc_should_del_black", "value": "黒部分をスキップ"},
  {"key": "gui_img2fgc_should_del_white", "value": "白部分をスキップ"},
  {"key": "gui_img2fgc_digital", "value": "デジタルテーマ"},
  {"key": "gui_img2fgc_gen_level", "value": "マップを生成"},
  {"key": "gui_img2fgc_replace", "value": "既存のマップをラウンドに置き換える"},
  {"key": "gui_img2fgc_credits", "value": "Img2fgcは Twitter:@repinek840 によって制作されました。"},
  {"key": "request_error_2", "value": "コスチュームの注意事項"},
  {"key": "request_error_save_config_2", "value": "あなたが入手したことのないコスチュームを装備した場合、ゲームを再起動するとコスチュームはリセットされます。この時、ロビーにパーティーがいる場合は、パーティー内の人物全員が、設定したコスチュームを見ることができます。再起動しない限りは、どのラウンドをロードしてもコスチュームがリセットされることはありません。"},
  {"key": "gui_save_into_config", "value": "設定を保存"},
  {"key": "gui_rotate_speed", "value": "回転速度"},
  {"key": "gui_move_down_speed", "value": "下降速度"},
  {"key": "gui_move_up_speed", "value": "上昇速度"},
  {"key": "gui_move_speed", "value": "移動速度"},
  {"key": "gui_ffm_settings", "value": "飛行モード設定"},
  {"key": "gui_ffm_hotkeys", "value": "{0} で上昇 {1} で下降 {2} で前方に移動"},
  {"key": "gui_media_load", "value": "読み込み"},
  {"key": "gui_img_loader", "value": "画像ローダー"},
  {"key": "gui_fc_settings", "value": "フリーカメラ設定"},
  {"key": "gui_zoom_speed", "value": "ズーム速度"},
  {"key": "gui_sensivity", "value": "感度"},
  {"key": "gui_stats", "value": "統計情報"},
  {"key": "gui_fc_pos", "value": "位置"},
  {"key": "gui_fov", "value": "視野"},
  {"key": "gui_fc_hotkeys", "value": "{0} で終了 {1} で一時停止 ホイールスクロールでズーム {2} で上昇 {3} で下降 {4} UI切替"},
  {"key": "gui_near_fg", "value": "FallGuyの近く"},
  {"key": "gui_follow_fg_pos", "value": "FG位置を使用"},
  {"key": "gui_destroy_all", "value": "すべて削除"},
  {"key": "confirm_title", "value": "確認"},
  {"key": "confirm_desc", "value": "本当にこれを実行してよろしいですか？:\n"},
  {"key": "failed_title", "value": "エラー"},
  {"key": "failed_desc", "value": "エラーが発生しました。\nError: {0}"},
  {"key": "gui_as_cube", "value": "立方体として"},
  {"key": "gui_url_load", "value": "画像URLから"},
  {"key": "gui_run_qual", "value": "Qualified!"},
  {"key": "gui_run_resetmsg", "value": "{0} を{1}秒間押し続けてリスタート"},
  {"key": "spqual_title", "value": "Qualified!"},
  {"key": "spqual_desc", "value": "現在の記録をベストタイムとして保存してよろしいですか？ベストタイムよりはやいことを確認してください。"},
  {"key": "spqual_desc2", "value": "ベストタイム: {0} | 現在のタイム: {1}"},
  {"key": "gui_best_time", "value": "ベストタイム"},
  {"key": "gui_run_elim", "value": "Eliminated!"},
  {"key": "gui_run_win", "value": "Win!"},
  {"key": "gui_run_info", "value": "現在のタイム"},
  {"key": "gui_fc_pause", "value": "一時停止"},
  {"key": "gui_reset_run", "value": "リセット"},
  {"key": "spqual_title2", "value": "もう1回プレイする？"},
  {"key": "spqual_desc3", "value": "このラウンドをもう一度プレイしますか？"},
  {"key": "gui_vid_loader", "value": "動画ローダー"},
  {"key": "gui_discord_btn", "value": "Discordサーバー"},
  {"key": "load_ugc", "value": "残念ながら、このラウンドは読み込めません。{loaderName}がFGCラウンドの読み込みをサポートしていないためです。\nカスタムでこのコードを使用して読み込めます。 {0}"},
  {"key": "null_secene", "value": "このラウンドにはゲームを開始するための十分な情報が含まれていません。"},
  {"key": "unable_to_find_round", "value": "ID:«{0}» のラウンドは見つかりませんでした。"},
  {"key": "unable_to_find_path", "value": "そのパスのファイルは見つかりませんでした。"},
  {"key": "gui_options", "value": "ツール"},
  {"key": "gui_wait", "value": "読み込み中..."},
  {"key": "gui_open_config", "value": "設定ファイルを開く"},
  {"key": "gui_basic_o", "value": "ツール"},
  {"key": "gui_gp_o", "value": "ゲームプレイツール"},
  {"key": "gui_round_loading", "value": "ラウンド読込中"},
  {"key": "gui_round_intro", "value": "イントロ再生中"},
  {"key": "gui_hotkeys_gp", "value": "ゲームプレイホットキー: {0} 飛行モード切替, {1} リスポーン, {2} チェックポイント, {3} フリーカメラ, {4} チェックポイントを初期位置にリセット"},
  {"key": "gui_hotkeys_ui", "value": "UIホットキー: {0} カーソル表示切替, {1} UI表示切替, {2} img2fgc UI切替, {3} 画像UI表示切替"},
  {"key": "unable_to_load_img", "value": "エラーにより画像を読み込めません:"},
  {"key": "unable_to_spawn", "value": "Fall Guyがスポーンできません"},
  {"key": "unable_to_find_show", "value": "ショー:«{0}» を見つけることができません"},
  {"key": "intro_skip_msg", "value": "{0} を{1}秒間押し続けてイントロをスキップ"},
  {"key": "revert_changes", "value": "変更を戻す"},
  {"key": "dropdown_placeholder", "value": "選択..."},
  {"key": "inputfield_placeholder", "value": "記入する..."},
  {"key": "gui_loader", "value": "メインローダー"},
  {"key": "gui_edit_config_title", "value": "設定変更"},
  {"key": "gui_media_tools_title", "value": "メディアツール"},
  {"key": "in_development", "value": "開発中！"},
  {"key": "gui_search_round", "value": "名前(またはシーン名)でラウンドを検索..."},
  {"key": "gui_search_show", "value": "ショー名を検索..."},
  {"key": "gui_show_image", "value": "ショーアイコンを閲覧"},
  {"key": "gui_desc", "value": "説明:"},
  {"key": "gui_total_rounds", "value": "ショーの合計ラウンド数"},
  {"key": "gui_total_ids", "value": "ショーの合計ID数"},
  {"key": "gui_selected_show", "value": "選択されたショー"},
  {"key": "gui_loaded_show", "value": "ロードされたショー"},
  {"key": "gui_possible_show_rounds", "value": "利用可能ラウンド"},
  {"key": "gui_open_fgdb", "value": "FGDBで見る"},
  {"key": "gui_config_about", "value": "このページでは基本的な設定を行えます。"},
  {"key": "gui_config_about_0", "value": "- 設定を再読み込み\n- シーンを再読み込みして、すべての設定を更新します。"},
  {"key": "gui_config_about_1", "value": "- GUI情報の更新\n- ショーやラウンド名などの情報を再読み込みします。ゲームの言語を変更した場合に使用してください。"},
  {"key": "gui_config_about_2", "value": "- 設定ファイルを開く\n- これを使用する必要はほとんどないはずです。"},
  {"key": "gui_config_about_3", "value": "現時点ではこれが全てです。"},
  {"key": "gui_credits", "value": "クレジット"},
  {"key": "gui_refresh_config", "value": "設定を再読み込み"},
  {"key": "gui_refresh_gui", "value": "GUI情報の更新"},
  {"key": "gui_img2fgc_tab", "value": "IMG2FGC"},
  {"key": "gui_rl_advenced", "value": "上級モード"},
  {"key": "gui_rl_a_inputholder", "value": "ラウンドIDを入力... (例: round_door_dash )"},
  {"key": "gui_rl_desc", "value": "これはラウンドローダーです。時間制限なしで、動作する限りはどのバリエーション/どのラウンドでもプレイ可能です。"},
  {"key": "gui_rla_desc", "value": "これは上級版ラウンドローダーです。FGT V1.3.0以前で使用されていたものと同じで、CMSラウンドIDから読み込めます。"},
  {"key": "gui_img2fgc_desc", "value": "img2fgcは、任意の画像をクリエイティブレベルに変換できるツールです。画像のサイズである幅と高さが大きすぎると、レベルが保存できなくなり、 <b>パフォーマンスが低下する恐れがあります！</b>"},
  {"key": "img2fgc_uhh", "value": "先にマップを生成してください！"},
  {"key": "gui_config_about_4", "value": "- イベントをリセット\n- 完了したすべてのイベントをリセットします。(メインメニューのポップアップなど。)"},
  {"key": "gui_clear_evt", "value": "イベントをリセット"},
  {"key": "preset_holder", "value": "プリセット名..."},
  {"key": "newpreset_title", "value": "新規プリセットを作成"},
  {"key": "newpreset_desc", "value": "<size=75%>- コスチュームプリセットにより、コスチュームの変更が簡単になります。\n- コスチュームプリセットは、\"Add All Cosmetics\"と互換性があります。\n- ゲーム中でもプリセットを使用してコスチュームを変更することができます。\n\nコスチュームプリセットは\"Presets\"フォルダに保存されています。</size>"},
  {"key": "gui_presets", "value": "プリセット"},
  {"key": "gui_presets_title", "value": "コスチュームプリセット"},
  {"key": "gui_preset_delete_act", "value": "プリセット:\"{0}\"は削除されています。\n残念ながらこのコスチュームセットは復元できません。"},
  {"key": "gui_del_videos_act", "value": "シーンからすべての動画を削除"},
  {"key": "gui_del_images_act", "value": "シーンからすべての画像を削除"},
  {"key": "gui_delete_preset", "value": "プリセットを削除"},
  {"key": "gui_use_preset", "value": "プリセットを使用"},
  {"key": "gui_presets_desc", "value": "コスチュームプリセットを使用すると、探すことなくコスチュームを切り替えられます。ラウンドプレイ中でも変更可能です。\"新規プリセット\"ボタンを押してプリセットを作成しましょう！"},
  {"key": "gui_default_load", "value": "何か忘れていませんか？"},
  {"key": "gui_new_preset", "value": "新規プリセット"},
  {"key": "gui_rl_block", "value": "ラウンドローダーは現在使用できません。現在のラウンドが開始するまで待つか、再起動してみてください。"},
  {"key": "gui_error_msg", "value": "このエラーについて、{loaderName} Discordサーバーでエラー内容を報告し、{0} を押して得られるデバッグ情報を送っていただけるとありがたいです。"},
  {"key": "gui_fix_obstacles_error", "value": "エラーにより、一部の障害物の再構成に失敗しました:"},
  {"key": "gui_error_0", "value": "あなたはまだプレイ可能です"},
  {"key": "gui_error_1", "value": "メニューに戻ります"},
  {"key": "gui_cancel_loading", "value": "読み込みをキャンセルし、メニューに戻る"},
  {"key": "fgt_eac_error", "value": "MODを使用してFallGuysをプレイしている間は、オンラインでプレイすることはできません！オンラインでプレイしたい場合は、BepInExをアンインストールし、ゲームファイルの検証を行いEACを復元する必要があります。"},
  {"key": "gui_del_list", "value": "既存のラウンドリストを削除"},
  {"key": "offline_log_title", "value": "あなたはオフラインのようです"},
  {"key": "offline_log_desc", "value": "オフラインモードを有効にして、 {loaderName} をインターネットに接続せずに使えるようにしますか？このモードを無効化するまで、オンライン機能は無効になります。"},
  {"key": "online_log_title", "value": "あなたは現在オンラインのようです"},
  {"key": "online_log_desc", "value": "ですが、オフラインモードは有効化されたままです。この機能を無効にして、オンライン機能を使用できるようにしますか？"},
  {"key": "cmsload_failed", "value": "エラーによりラウンドの読み込みを開始できません"},
  {"key": "sp_qual_disabled_title", "value": "確認"},
  {"key": "sp_qual_disabled_desc", "value": "ラウンドのクリアを無効にしたいようですが、これはスピードランを完走できないことを意味します。これを有効にしますか？"},
  {"key": "gui_error_2", "value": "ゲームが終了します"},
  {"key": "gui_pizzatowerreference", "value": "ラップ"},
  {"key": "gui_found_results", "value": "見つかったラウンド数"},
  {"key": "gui_preset_color", "value": "カラー"},
  {"key": "gui_preset_pattern", "value": "パターン"},
  {"key": "gui_preset_upper", "value": "上半身"},
  {"key": "gui_preset_bottom", "value": "下半身"},
  {"key": "gui_preset_full", "value": "全身"},
  {"key": "gui_preset_faceplate", "value": "フェイス"},
  {"key": "gui_preset_win_anim", "value": "ビクトリー"},
  {"key": "gui_preset_nickname", "value": "ニックネーム"},
  {"key": "gui_preset_nameplate", "value": "ネームプレート"},
  {"key": "gui_preset_emotes", "value": "エモート"},
  {"key": "gui_preset_info", "value": "プリセット情報"},
  {"key": "gui_restart_title", "value": "再起動が必要"},
  {"key": "gui_restart_desc", "value": "変更を完全に適用させるには、ゲームを再起動する必要があります。再起動しますか？"},
  {"key": "gui_reload_title", "value": "シーンの再読込が必要"},
  {"key": "gui_reload_desc", "value": "変更を適用させるには、ラウンドを再度読み込む必要があります。再読み込みしますか？"},
  {"key": "gui_unable_get_name", "value": "名前が取得できません"},
  {"key": "old_fgtools_title", "value": "情報"},
  {"key": "old_fgtools_desc", "value": "古いバージョンのFGToolsがインストールされているようです。このポップアップでOKを押すと、プラグインのディレクトリが開きます。そこにある\"FallGuysTools\"というフォルダを削除し、再度ゲームを起動してください。"},
  {"key": "gui_move_team", "value": "チームを変更"},
  {"key": "speedrunneralert_title", "value": "スピードランナーのあなたへ！"},
  {"key": "speedrunneralert_desc", "value": "あなたは、{0} を長くプレイしすぎているような気がします。少し休憩してみるのはどうですか？\n\nこのポップアップはもう表示されないのでご安心を。スピードランを楽しんで！"},
  {"key": "speedrunneralert_cancel", "value": "大丈夫です"},
  {"key": "speedrunneralert_accept", "value": "休憩する"},
  {"key": "gui_speedrunner_popup_alert", "value": "何かが起こるかもしれません..."},
  {"key": "gui_speedrunner_popup_alert_1", "value": "スピードランに集中しすぎないように気をつけて！"},
  {"key": "disabledsetting_title", "value": "いくつかの設定が無効になっています。"},
  {"key": "disabledsetting_desc", "value": "以下の設定:{0} がこのラウンドで無効化またはデフォルト値に変更されました。"},
  {"key": "msg_tip", "value": "TIPS"},
  {"key": "msg_tip_ffm", "value": "設定で移動速度を変更できます"},
  {"key": "msg_tip_fc", "value": "WASDで移動して、マウスで画面を回転できます。\nスクロールホイールでズーム、{0} を押してカメラを一時停止もできます。\n\n {1}を押して設定を変更します。"},
  {"key": "msg_outdated_ver_title", "value": "最新バージョンではありません！"},
  {"key": "msg_outdated_ver", "value": "このバージョンは古いようです。\n最新バージョン({0})を{loaderName} DiscordサーバーまたはFGLauncherからダウンロードできます！\n現在のバージョンでもプレイ可能ですが、バグ修正等を含んでいるためアップデートをおすすめします。"},
  {"key": "msg_old_spc_possible", "value": "設定でシーン全体の再読込を有効化できます。"},
  {"key": "changelog_for", "value": "変更履歴"},
  {"key": "changelog_limit", "value": "...そして {0} のさらなる変更があります... - Discordサーバーで完全な変更履歴を確認できます！"},
  {"key": "changelog_title", "value": "変更履歴"},
  {"key": "cgm_error", "value": "ゲームマネージャーの作成中にエラーが発生しました"},
  {"key": "debug_msg", "value": "バグ報告をする際にこの情報を使用してください"},
  {"key": "debug_title", "value": "DEBUG INFO"},
  {"key": "fgc_length", "value": "ラウンドコードの長さは14文字でなければなりません。"},
  {"key": "fgc_error", "value": "ラウンドの読み込み準備中にエラーが発生しました"},
  {"key": "fgc_missing", "value": "おそらくこのラウンドは公開されていないか、存在していません。"},
  {"key": "fgc_missing_template", "value": "このラウンドのテンプレートが見つかりません。"},
  {"key": "gui_error_3", "value": "メニューにとどまる"},
  {"key": "gui_creative_loader", "value": "クリエイティブラウンド(ベータ版)"},
  {"key": "gui_creative_loader_desc", "value": "これはクリエイティブラウンドのローダーです。ラウンドをプレイするには、上記テキストフィールドに共有コードを入力してください。"},
  {"key": "code_input_holder", "value": "ラウンドコードを入力 (例:0000-0000-0000)"},
  {"key": "gui_unity_loader", "value": "Unityラウンド"},
  {"key": "fgc_level_inf", "value": "レベルに関する情報"},
  {"key": "fgc_level_name", "value": "タイトル"},
  {"key": "fgc_level_desc", "value": "遊び方"},
  {"key": "fgc_level_gamemode", "value": "ゲームモード"},
  {"key": "fgc_level_author", "value": "制作者:"},
  {"key": "fgc_level_ver", "value": "バージョン"},
  {"key": "fgc_level_likes", "value": "高評価"},
  {"key": "fgc_level_pc", "value": "プレイ回数"},
  {"key": "fgc_level_maxp", "value": "最大プレイヤー数"},
  {"key": "fgc_level_qp", "value": "クリア率"},
  {"key": "fgc_level_timel", "value": "制限時間"},
  {"key": "fgc_level_platform", "value": "作成機種:"},
  {"key": "fgc_level_tags", "value": "タグ"},
  {"key": "fgc_level_utags", "value": "ユーザーのタグ"},
  {"key": "fgc_level_muz", "value": "音楽"},
  {"key": "fgc_level_load", "value": "情報の取得..."},
  {"key": "fgc_level_extra", "value": "その他の情報"},
  {"key": "fgc_level_theme", "value": "テーマ"},
  {"key": "fgc_level_compstat", "value": "クリアチェック"},
  {"key": "fgc_level_sp", "value": "サバイバル通過率"},
  {"key": "gui_yes", "value": "Yes"},
  {"key": "gui_no", "value": "No"},
  {"key": "fgc_level_nodto", "value": "レベルに関する情報が見つかりませんでした。"},
  {"key": "fgt_tooltip_01", "value": "{0} を押し続けるとラウンドのイントロをスキップできます。"},
  {"key": "fgt_tooltip_02", "value": "設定で\"Add All Cosmetics\"を有効化すると、MODを使用中に、ゲーム内に存在するすべてのコスチュームが使用できるようになります。"},
  {"key": "fgt_tooltip_03", "value": "{0}を押すことで{loaderName} GUIを表示または非表示できます。"},
  {"key": "fgt_tooltip_04", "value": "もしなにか質問があれば、{loaderName} Discordサーバーまでお気軽にどうぞ！"},
  {"key": "fgt_tooltip_05", "value": "設定でカスタム制限時間を有効にすることができます！"},
  {"key": "fgt_tooltip_06", "value": "設定でクリアを無効化することができます！"},
  {"key": "fgt_tooltip_07", "value": "豆知識: ガイズくんの身長は183cm"},
  {"key": "fgt_tooltip_08", "value": "設定でデフォルトのパワーアップを変更したり、無効化したりできます！"},
  {"key": "fgt_tooltip_09", "value": "Fall Guysをオフラインでプレイしたいですか？<s>設定でオフラインモードを有効化できます！</s>今はもうない"},
  {"key": "unable_to_load_scene", "value": "シーンをロードできません"},
  {"key": "unable_to_load_scene_01", "value": "このラウンドで使用されているシーンは現在ゲームファイルに存在しないようです。"},
  {"key": "unable_to_load_scene_02", "value": "以前のラウンドをプレイ"},
  {"key": "unable_to_load_scene_03", "value": "再び読み込む"},
  {"key": "no_changelog_get", "value": "このバージョンの変更履歴を取得できませんでした。"},
  {"key": "fgt_tooltip_10", "value": "Fall Foreverアップデート以前の古い（低ジャンプ力）キャラクター物理をプレイしたいなら、設定の\"Old Physics\"で有効化できます！"},
  {"key": "fgt_tooltip_11", "value": "{loaderName}を使わずに3日が過ぎた。しんどくて死んでしまいたい気分なんだ。新しいアップデートの後、{loaderName}をプレイしようとしたんだけど、うまくいかなかった。たぶん僕は今、最悪の状態なんだろう。新しいアップデートは本当にひどいし、プレイするものがないんだ。このゲームに別れを告げるのは良いことだと思う。僕はこれで終わりにしようと思っている。{loaderName}は私の人生だったし、{loaderName}は私の一番の親友でもあった。草には触らないから、{loaderName}が今のところ私の最後の希望なんだけど、悲しいことに上手く行かないんだ。真剣に精神的な助けが必要なんだ。"},
  {"key": "userchange_title", "value": "ユーザー名を選択"},
  {"key": "userchange_desc", "value": "ゲームがオフラインで起動したので、ユーザー名がわかりません。入力するか、デフォルトのユーザー名を使用してください。選択したユーザー名は、設定でいつでも変更可能です！"},
  {"key": "userchange_holder", "value": "OfflineGuy"},
  {"key": "gui_toggle", "value": "切替"},
  {"key": "gui_save", "value": "保存"},
  {"key": "gui_variant_lastsave", "value": "最後のセーブに切り替える"},
  {"key": "gui_variant_toggleall", "value": "すべて切替"},
  {"key": "gui_variant_title", "value": "バリエーションオプション"},
  {"key": "gui_ingame_only_ui", "value": "ゲーム内オプション"},
  {"key": "gui_ingame_tab", "value": "ゲームプレイ設定"},
  {"key": "rpc_fgc_alert_title", "value": "始める前に..."},
  {"key": "rpc_fgc_alert_desc", "value": "{loaderName}にはDiscordRPCの機能があり、編集中のいくつかの情報がDiscordステータス(アクティビティ)に表示され、他の人が見れる状態になっていることをお知らせしておきます。(エディタの状態、ゲームモード、レベル名など) 大丈夫な場合は、\"OK\"を押して楽しんでください。もしそれが嫌なら、{loaderName}設定を開いて、Discord RPCを無効化してください。\n\n このポップアップは二度と表示されません。."},
  {"key": "gui_handle_random_cosmetics", "value": "ランダムコスチューム"},
  {"key": "gui_handle_default_cosmetics", "value": "元のコスチュームに戻す"},
  {"key": "gui_attempt", "value": "Attempt"},
  {"key": "gui_warning", "value": "警告"},
  {"key": "discordsdk_missing_desc", "value": "Discord Game SDKが見つかりません。Discord Game SDKはDiscord RPCの動作に必須です。今のところDiscord RPCは無効化されています。この機能を使用するには、discord_game_sdk.dllを{loaderName}フォルダに入れるか、{loaderName} Discordサーバーで助けを求めてください。"},
  {"key": "gui_default", "value": "デフォルト"},
  {"key": "gui_misc", "value": "その他"},
  {"key": "themes_selector_title", "value": "メニューテーマセレクター"},
  {"key": "statistics_title", "value": "{loaderName} 統計情報"},
  {"key": "theme_restart_title", "value": "再起動が必要です"},
  {"key": "theme_restart_desc", "value": "デフォルトのテーマに戻すには、ゲームを再起動する必要があります。再起動しますか？"},
  {"key": "stat_time_in_game", "value": "合計ゲーム内時間"},
  {"key": "stat_total_rounds", "value": "合計ラウンドプレイ数"},
  {"key": "gui_delete_stats", "value": "統計情報をリセット"},
  {"key": "stat_launch_times", "value": "ゲームセッション(起動回数)"},
  {"key": "stat_sp_att_total", "value": "スピードランモードでの合計試行回数"},
  {"key": "stat_time_inmenu", "value": "メインメニュー内時間"},
  {"key": "gui_unavailable", "value": "利用不可"},
  {"key": "theme_selector_not_in_menu", "value": "テーマを変更するには、メインメニューにいる必要があります。"},
  {"key": "stats_del_title", "value": "確認"},
  {"key": "stats_del_desc", "value": "本当にすべての統計情報をリセットしてもよろしいですか？この操作を元に戻すことはできません！"},
  {"key": "theme_change_title", "value": "テーマ変更"},
  {"key": "theme_change_desc", "value": "テーマを変更しますか？"},
  {"key": "gui_open_rhistory", "value": "ラウンド履歴を表示"},
  {"key": "gui_close_rhistory", "value": "ラウンド履歴を閉じる"},
  {"key": "gui_nothing2see", "value": "まだ何もないみたいです"},
  {"key": "gui_save_stats", "value": "統計情報の保存"},
  {"key": "gui_stats_info_01", "value": "- 統計はゲーム終了時または5分ごとに自動的に保存されます。"},
  {"key": "gui_result", "value": "結果"},
  {"key": "stats_result_leave", "value": "やめる"},
  {"key": "stats_result_new", "value": "新ラウンド"},
  {"key": "round_length", "value": "ラウンドタイマー"},
  {"key": "stats_total_time_fgc", "value": "クリエイティブモード使用時間"},
  {"key": "gui_stats_info_02", "value": "- すべての統計は{loaderName}を使用しているときのみのものです。"},
  {"key": "stats_collectables_collected", "value": "アイテム取得個数"},
  {"key": "stats_powerup_uses", "value": "パワーアップ使用回数"},
  {"key": "gui_stats_info_03", "value": "- デバイスに保存された統計"},
  {"key": "stats_save_time_remain", "value": "自動保存までの時間"},
  {"key": "gui_date", "value": "日付"},
  {"key": "gui_force_reset", "value": "強制リセット"},
  {"key": "force_reset_desc", "value": "これをするとFGToolsの状態を完全にリセットすることができます。ソフトロックしていたり、なにか問題がある時に使用してください。 <b>これを実行すると、何をしていてもメニューに戻されます。クリエイティブモードにいる場合は、進行状況が失われますので注意！</b>"},
  {"key": "fgt_tooltip_12", "value": "Господи Стентрик, Спидранер Божий, моля Те с кувшя и смирение, чуй молбата ми за радост и забавление в моменти на отдих. Помогни на създателите на играта FGStoola да върнат игрите с 360 дивами, както и мудьтиплеер играти, които толкова много радваха сърцата ни. ФлоузЛ!"},
  {"key": "gui_flzru_img", "value": "Funny Image"},
  {"key": "gui_deleted_rounds", "value": "削除済みラウンド数"},
  {"key": "gui_deleted_rounds_desc", "value": "*ラウンド名が灰色の場合は、そのラウンドがCMSにのみ存在し、ゲームファイルに存在していないことを意味します！"},
  {"key": "gui_imgloader_desc", "value": "これは画像ローダーです！デバイスに保存されている画像やURL経由の画像を読み込むことができます。"},
  {"key": "gui_imgloader_desc_01", "value": "デバイスに保存されている画像を読み込むには、\n読み込みたい画像をフォルダーに入れ、入力フィールドに画像ファイル名を入力してください。"},
  {"key": "gui_imgloader_desc_02", "value": "URL経由で画像を読み込むには\"画像URLから\"にチェックを入れ、\n画像URLを入力フィールドに入力してください。(例:https://example.com/example.png/)"},
  {"key": "gui_fgc_hex", "value": "カスタムカラー"},
  {"key": "gui_fgc_hex_set", "value": "設定"},
  {"key": "gui_fgc_hex_preview", "value": "プレビュー"},
  {"key": "gui_fgc_hex_title", "value": "カスタムオブジェクトカラー"},
  {"key": "gui_fgc_hex_fgc", "value": "ゲームカラー"},
  {"key": "gui_fgc_autosave_in", "value": "レベル自動保存:"},
  {"key": "version_warning_title", "value": "ゲームのバージョンが更新されました"},
  {"key": "version_warning", "value": "あなたのFallGuysバージョンはこのMODのサポート対象外です。<b>Tこれは、おそらく{loaderName}が動作しなくなることを意味します。</b>\n\n{loaderName} Discordサーバーにアップデートが来ていないか確認し、あればインストールしてください！アップデートが来ていないかつ{loaderName}が動作しない場合は、更新されるまでお待ち下さい。オフライン版もあります。d"},
  {"key": "gui_themes_stat_0", "value": "デバイスに保存済みのテーマ"},
  {"key": "gui_themes_stat_1", "value": "カタログに存在するテーマ"},
  {"key": "gui_author", "value": "制作者"},
  {"key": "gui_unknown", "value": "不明"},
  {"key": "gui_download", "value": "ダウンロード"},
  {"key": "gui_theme2download", "value": "テーマをダウンロード"},
  {"key": "gui_theme2download_url", "value": "ソース"},
  {"key": "gui_theme2download_size", "value": "ダウンロード容量"},
  {"key": "gui_view_themes_catalogue", "value": "テーマカタログを見る"},
  {"key": "gui_viewing", "value": "現在表示中の項目"},
  {"key": "gui_web_themes", "value": "テーマカタログ"},
  {"key": "gui_local_themes", "value": "保存済みのテーマ"},
  {"key": "msg_outdated_ver_short", "value": "このバージョンは古いようです！\n最新バージョン({0})は{loaderName} Discordサーバーでダウンロードできます！"},
  {"key": "gui_catalogue_theme_info_0", "value": "オンラインテーマカタログにようこそ！"},
  {"key": "gui_catalogue_theme_info_1", "value": "{loaderName} の容量が増加しすぎないように、\nこのような形式で製作しました(テーマファイルの容量が大きいため)"},
  {"key": "gui_catalogue_theme_info_2", "value": "- テーマを選択すると、そのテーマに関する情報が表示されます。"},
  {"key": "gui_catalogue_theme_info_3", "value": "- テーマをダウンロードするには、\"ダウンロード\"ボタンを押してください。"},
  {"key": "gui_catalogue_theme_exists", "value": "{0} テーマのフォルダがすでに存在します。再DLの必要があれば、削除してください。"},
  {"key": "gui_theme_download_complete_0", "value": "テーマ {0} のダウンロードが完了しました！"},
  {"key": "gui_theme_download_complete_1", "value": "保存済みのテーマから選択できます。"},
  {"key": "gui_memes", "value": "Мемы😂🤣"},
  {"key": "gui_download_start_title", "value": "ダウンロード開始"},
  {"key": "gui_download_end_title", "value": "ダウンロード完了！"},
  {"key": "gui_theme_download_start_info", "value": "テーマ {0} のダウンロードを開始"},
  {"key": "gui_theme_download_end_info", "value": "テーマ {0} のダウンロードを正常に完了"},
  {"key": "gui_search", "value": "検索"},
  {"key": "gui_disable_nav", "value": "ナビゲーションを無効化"},
  {"key": "gui_play_explore", "value": "自由探索 - クリエイティブ"},
  {"key": "gui_fgc_explore_0", "value": "自由探索の総プレイ回数"},
  {"key": "gui_fgc_explore_1", "value": "FGAnalyst APIから自由探索ラウンドを取得(cloudseeker.xyz/fga/)"},
  {"key": "gui_cosmetics_search", "value": "コスチュームを検索"},
  {"key": "stats_qual_times", "value": "合計Qualified!数"},
  {"key": "stats_elim_times", "value": "合計Eliminated!数"},
  {"key": "stats_win_times", "value": "合計Winner!数"},
  {"key": "gui_creative_loader_warning", "value": "注意:一部の障害物やゲームモードは想定通りに動作しない場合があります。"},
  {"key": "gui_cosmetics_search_for", "value": "検索:"},
  {"key": "gui_total_found_items", "value": "合計発見アイテム"},
  {"key": "gui_cosmetics_search_nothing", "value": "コスチュームが見つかりませんでした"},
  {"key": "gui_cosmetics_search_err", "value": "検索エラー"},
  {"key": "gui_cosmetics_search_reset", "value": "リセット"},
  {"key": "gui_begin_search", "value": "検索..."},
  {"key": "gui_cosmetics_search_live_search", "value": "ライブ検索"},
  {"key": "explore_start_title", "value": "自由探索を開始しますか？"},
  {"key": "explore_start_desc", "value": "これでランダムな探索ラウンドを開始できます！"},
  {"key": "critical_error_title", "value": "クリティカルエラー"},
  {"key": "critical_error_desc", "value": "{loaderName}で重大なエラーが発生したようです。ゲームを終了し、BepInExのログをDiscordサーバーに送ってください。"},
  {"key": "gui_localization", "value": "言語/Language"},
  {"key": "gui_localization_act0", "value": "CHANGE LANGUAGE?"},
  {"key": "gui_localization_act1", "value": "本当に言語を変更してよろしいですか？"},
  {"key": "gui_localization_act2", "value": "To change language you must be in the Main Menu\n言語を変更するには、メインメニューにいる必要があります"},
  {"key": "gui_localization_author", "value": "翻訳制作者:"},
  {"key": "gui_download_progress_lang", "value": "ローカライズの取得"},
  {"key": "gui_download_progress_def", "value": "{loaderName} の情報を取得中"},
  {"key": "gui_download_progress_themes", "value": "テーマを取得中"},
  {"key": "gui_download_progress_explore", "value": "自由探索ラウンドを取得中"},
  {"key": "gui_download_progress_explore_waiting", "value": "自由探索ラウンドの取得中。FGAnalystの返答を待機してください"},
  {"key": "gui_downloading_title", "value": "少し時間をください"},
  {"key": "gui_downloading_desc", "value": "機能の動作のために、{loaderName}はインターネットから追加情報を取得する必要があります。少々お待ちください。"},
  {"key": "gui_explore_error_title", "value": "ラウンドが存在しません"},
  {"key": "gui_explore_error_desc", "value": "自由探索ラウンドは読み込まれていません。少しあとに再試行してみてください。"},
  {"key": "gui_fgc_placeholder", "value": "ラウンドの共有コードを入力すると、そのコードに関する情報が表示されます！"},
  {"key": "gui_fgc_not_found", "value": "この共有コードを持つレベルが見つかりません。正しく入力したことを確認して、もう一度試してください。"},
  {"key": "gui_debug_saved_in", "value": "{loaderName}フォルダに保存されました"},
  {"key": "gui_debug_hide", "value": "{0} で隠す"},
  {"key": "gui_debug_new_report", "value": "バグレポート作成"},
  {"key": "gui_debug_new_report_desc", "value": "これで、{loaderName}フォルダにすべてのデバッグ情報を含むレポートを作成します。"},
  {"key": "gui_debug_new_report_success", "value": "バグレポートは{loaderName}フォルダに保存されました。"},
  {"key": "gui_debug_new_report_fail", "value": "バグレポートを作成できませんでした"},
  {"key": "gui_debug_report_folder", "value": "レポートフォルダ"},
  {"key": "gui_themes_catalogue_empty", "value": "カタログが空欄"},
  {"key": "gui_select", "value": "選択"},
  {"key": "gui_catalogue_theme_exists_new", "value": "このテーマのフォルダはすでに存在します。削除されます！"},
  {"key": "gui_theme_download_progress", "value": "テーマ\"{0}\"をダウンロード中です。お待ち下さい..."},
  {"key": "gui_complete", "value": "完了"},
  {"key": "gui_theme_download_error", "value": "テーマがダウンロードできません"},
  {"key": "gui_theme_download_error_0", "value": "このようなことが起こる一般的な理由"},
  {"key": "gui_theme_download_error_1", "value": "- インターネット接続に問題が発生している"},
  {"key": "gui_theme_download_error_2", "value": "- テーマファイルがサーバーから削除された"},
  {"key": "gui_theme_download_error_3", "value": "- テーマファイルのあるサーバーがダウンしている"},
  {"key": "gui_theme_download_error_4", "value": "- あとすこしであなたのPCが爆発するため"},
  {"key": "gui_error_we_got", "value": "エラーを取得"},
  {"key": "gui_theme_selected_error", "value": "このテーマはすでに選択されているためダウンロードできません。他のテーマを選択してから再試行してください"},
  {"key": "gui_round_options", "value": "ラウンドルール"},
  {"key": "gui_round_options_pcount", "value": "プレイヤー数"},
  {"key": "gui_round_options_pcount_desc", "value": "リングのノロイのような、人数によって仕様が変わるラウンドに便利です"},
  {"key": "gui_round_options_timer", "value": "タイマーを有効化"},
  {"key": "gui_round_options_timer_limit", "value": "ラウンドタイマー"},
  {"key": "gui_minutes", "value": "分"},
  {"key": "gui_seconds", "value": "秒"},
  {"key": "gui_round_options_seed", "value": "ラウンドシード"},
  {"key": "gui_round_options_seed_desc", "value": "空白または0の場合は、ランダムなシードが選択されます"},
  {"key": "gui_save_apply", "value": "保存して適用"},
  {"key": "gui_round_options_hardmode", "value": "ハードモード"},
  {"key": "gui_round_options_timer_limit_desc", "value": "時間が設定されていない場合は、デフォルトのラウンド時間が使用されます。"},
  {"key": "gui_debug_as_zip", "value": "ZIPファイルで作成"},
  {"key": "newsfeed_beta_private_title", "value": "{loaderName}クローズドベータ版へようこそ"},
  {"key": "newsfeed_beta_private_desc", "value": "ここで何をすべきかはもうわかっているはずです！"},
  {"key": "gui_up_prompt", "value": "あなたは自由探索でプレイしています。ラウンドを選択するには、退出してメインメニューに戻ってください。"},
  {"key": "gui_debug_press_again", "value": "もう一度 {0} を押してデバッグ情報を表示"},
  {"key": "gui_theme_dir", "value": "テーマディレクトリ"},
  {"key": "gui_theme_del", "value": "テーマを削除"},
  {"key": "gui_theme_delete_title", "value": "テーマ\"{0}\"の削除"},
  {"key": "gui_theme_delete_desc", "value": "本当に削除しますか？"},
  {"key": "gui_play_explore_unity", "value": "自由探索 - Unity(クラシック)"},
  {"key": "gui_play_explore_endless", "value": "自由探索 - エンドレス"},
  {"key": "gui_explore_endless_title", "value": "自由探索エンドレスとは？"},
  {"key": "gui_explore_endless_desc", "value": "自由探索 - エンドレス は、Unityと通常の自由探索ラウンドをミックスしたものです。半分の確率でUnity、もう半分の確率で自由探索のラウンドが取得されます。"},
  {"key": "gui_explore_desc_base", "value": "{loaderName} の自由探索はどのように機能するか\n- MODなしの自由探索のようにラウンドをスキップできる\n- 設定でラウンドの種類を絞り込むことができる\n- サバイバルラウンドの制限時間は無視されます\n- 探索ラウンドのプレイを停止するには、一時停止メニューまたは {loaderName} GUI を使用してください"},
  {"key": "gui_explore_unity_title", "value": ""},
  {"key": "gui_explore_unity_desc", "value": ""},
  {"key": "gui_localization_faq_title", "value": "{loaderName} を翻訳するには？"},
  {"key": "gui_localization_faq_desc", "value": "<size=75%>※情報は古い可能性があります。\n- Localizationフォルダの中に、必要な言語コードで新しいフォルダを作成します（必要に応じて、Assetsのlanguage-codes.csvを参照してください）。\n- 既存のローカリゼーションフォルダから \"locale.csv\"を複製し、新しいフォルダに配置します。\n- CSVエディターで \"locale.csv\" を開き、好きなように変更してください。\n- 完了したら、UTF-8 エンコードで変更を保存します（デフォルトで設定されているはずです）。\n- ローカライズをゲームで使用するには、コンフィグで \"ローカライズファイル名\" にフォルダ名を指定するか、{loaderName}GUIを使用します。\n- 設定説明とクレジットを翻訳したい場合は、既存のローカライゼーションから特定のファイル（credits.txtとconfig-descs.txt）をコピーし、ローカライゼーションフォルダに入れてから、同じように翻訳してください。\n- {loaderName} Discordサーバーに翻訳を投稿してください。ほとんどの場合、それらは次のアップデートでMODに含まれます。</size>"},
  {"key": "gui_themes_faq_title", "value": "テーマを制作するには？"},
  {"key": "gui_themes_faq_desc", "value": ""},
  {"key": "gui_themes_catalogue_faq_title", "value": "カタログに自分のテーマを追加するには？"},
  {"key": "gui_themes_catalogue_faq_desc", "value": "Discordサーバーにテーマファイルを送ってください。十分良いものであれば追加されます。"},
  {"key": "gui_btn_got_it", "value": "わかりました"},
  {"key": "gui_localization_lang_dir", "value": "言語ディレクトリ"},
  {"key": "gui_ugc_show_tab", "value": "カスタムショー"},
  {"key": "gui_ugc_show_about", "value": "カスタムショーとは、{loaderName}ユーザーたちが作成したショーのことです。"},
  {"key": "gui_show_no_rounds_title", "value": "プレイできるラウンドが見つかりません！"},
  {"key": "gui_show_no_rounds_desc", "value": "ラウンドフィルターとショーのラウンドプールを確認してください。"},
  {"key": "failed_desc_new", "value": "何かが間違っています..."},
  {"key": "gui_page", "value": "ページ"},
  {"key": "gui_out_of", "value": "/"},
  {"key": "fgc_temp_request_ban", "value": "フォールガイズのサーバーに頻繁にリクエストを送信している場合、フォールガイズのサーバーがあなたのIPを一時的にブロックする可能性があります。"},
  {"key": "ratelimited_title", "value": "レートリミット！"},
  {"key": "fgc_temp_request_ban_1", "value": "短期間にそんなに多くのリクエストを送ることはできません。何をしようとしていますか？"},
  {"key": "fgc_temp_request_ban_2", "value": "それは面白いことではありません。"},
  {"key": "fgc_temp_request_ban_3", "value": "後悔することになるかもしれません..."},
  {"key": "fgc_temp_request_ban_desc", "value": "あなたがBANされないために、次の時間まで新しいリクエストを送信することはできません。"},
  {"key": "gui_random_no_rounds", "value": "読み込むラウンドが見つかりませんでした。"},
  {"key": "changelog_limit_new", "value": "まだ {outLines} の変更があります - Discordサーバーで完全な変更履歴を確認できます！"},
  {"key": "gui_download_progress_playlists", "value": "ユーザー作成のショーを取得中"},
  {"key": "gui_preset_first_wheel", "value": "1つ目のホイール"},
  {"key": "gui_preset_second_wheel", "value": "2つ目のホイール"},
  {"key": "gui_preset_phrase", "value": "フレーズ"},
  {"key": "gui_preset_emoticon", "value": "エモートアイコン"},
  {"key": "gui_preset_date", "value": "作成日"},
  {"key": "gui_show_unnamed", "value": "不明なショー"},
  {"key": "gui_show_onlyon", "value": "選出可ラウンド"},
  {"key": "gui_show_cannotbe", "value": "選出不可ラウンド"},
  {"key": "gui_round_unnamed", "value": "不明なラウンド"},
  {"key": "gui_fgc_local_autosaves", "value": "クリエ自動保存 "},
  {"key": "gui_fgc_local_autosaves_desc", "value": "{loaderName}によってレベルが自動保存されるたびに、{loaderName}フォルダにローカルのコピーが作成されます。このコピーを選択すれば、いつでも元の状態に戻ることができます。"},
  {"key": "gui_local_save_load", "value": "データをロード"},
  {"key": "gui_local_save_create", "value": "現在のレベルを保存"},
  {"key": "gui_local_save_del_all", "value": "すべてのセーブを削除"},
  {"key": "gui_local_save_checksum_fail_title", "value": "レベルの検証に失敗"},
  {"key": "gui_local_save_checksum_fail_desc", "value": "レベルデータが外部から変更された可能性があります。データに加えられたすべての変更を元に戻し、再度ロードしてみてください。"},
  {"key": "gui_local_save_generic_error_title", "value": "申し訳ありません！"},
  {"key": "gui_local_save_generic_error_desc", "value": "レベルデータの読込に失敗しました。ゲームの再起動後、もう一度試してみてください。問題が解決できそうにない場合は、{loaderName} Discordサーバーでサポートを求めてください。"},
  {"key": "gui_local_save_missing_error_title", "value": "レベルが見つかりません"},
  {"key": "gui_local_save_missing_error_desc", "value": "保存されたレベルが見つかりませんでした。移動または削除した可能性があります。"},
  {"key": "gui_local_save_metadata_error_title", "value": "レベルデータが見つかりません"},
  {"key": "gui_local_save_metadata_error_desc", "value": "他のレベルを選択してください"},
  {"key": "gui_local_save_menu_error_title", "value": "ロード不可"},
  {"key": "gui_local_save_menu_error_desc", "value": "レベルデータを読み込むにはメインメニューにいる必要があります。"},
  {"key": "gui_delete_local_saves_title", "value": "すべてのレベルデータを削除"},
  {"key": "gui_delete_local_saves_desc", "value": "ローカルに保存されたすべてのレベルデータ/セーブを削除し、ゲームを終了します。"},
  {"key": "gui_local_save_fresh_warn", "value": "このレベルはおそらく保存できません！"},
  {"key": "gui_cosmetics_search_as_list", "value": "結果をリストで見る"},
  {"key": "gui_local_save_no_saves", "value": "まだ保存されたレベルはありません！"},
  {"key": "gui_fgc_autosave_result", "value": "オートセーブ結果: {0}"},
  {"key": "gui_fgc_autosave_going", "value": "レベル保存中..."},
  {"key": "gui_local_save_del_level", "value": "このレベルのすべてのセーブを削除"},
  {"key": "gui_local_save_del_level_title", "value": "レベル {0} のすべてのセーブを削除"},
  {"key": "gui_local_save_del_level_desc", "value": "ローカルに存在する、レベル「{0}」 のすべてのセーブ ({1}個)を削除します。"},
  {"key": "gui_local_save_del_save", "value": "選択されたセーブを削除"},
  {"key": "gui_local_save_del_save_title", "value": "セーブ「{0}」を削除"},
  {"key": "gui_local_save_del_save_desc", "value": "レベル {1} のセーブ({0}) が削除されます。"},
  {"key": "gui_space_after_deletion", "value": "削除することで、{0} のスペースがディスクから開放されます。"},
  {"key": "gui_deletion_generic_warning", "value": "<b>この操作を元に戻すことはできません！</b>"},
  {"key": "gui_local_save_stat_level", "value": "レベル情報"},
  {"key": "gui_local_save_stat_0", "value": "レベル名:"},
  {"key": "gui_local_save_stat_1", "value": "保存時間:"},
  {"key": "gui_local_save_stat_2", "value": "レベルステータス"},
  {"key": "gui_local_save_stat_3", "value": "バージョン"},
  {"key": "unable_to_find_round_scene", "value": "このラウンドで使用されているシーン «{0}» は現在ゲームファイルに存在しないようです。プレイできません。"},
  {"key": "gui_cosmetics_search_as_list_title", "value": "検索結果はここに表示されます。"},
  {"key": "gui_local_save_info_placeholder", "value": "レベル情報はここに表示されます。"},
  {"key": "credits_main_section", "value": "{loaderName}"},
  {"key": "credits_dev_section", "value": "{loaderName} Development | {loaderName}開発協力"},
  {"key": "credits_translators_section", "value": "Translators | 翻訳者"},
  {"key": "credits_playtesting_section", "value": "Playtesting | プレイテスター"},
  {"key": "credits_special_section", "value": "Special Thanks"},
  {"key": "gui_localization_note", "value": "注意: 現在、{loaderName}の公式翻訳は{0}つのみ提供されています。({1})\nその他の言語の翻訳は{loaderName}ユーザーによって作成されているため、\n一部部分が翻訳されていなかったり、正確ではない可能性があります。ご了承ください。"},
  {"key": "content_err_title", "value": "コンテンツダウンロード失敗"},
  {"key": "content_err_desc", "value": "コンテンツのダウンロード中に問題が発生したようです... ネットワーク接続を確認して再試行してください。エラーが何回も続く場合は、Discordサーバーでサポートを求めてください。\n\nError message: {0}"},
  {"key": "content_err_ok", "value": "再試行"},
  {"key": "content_err_cancel", "value": "ゲームを終了"},
  {"key": "new_gui_err_title", "value": "GUIを正しく描画できません"},
  {"key": "new_gui_err_desc", "value": "GUIの描画中にエラーが発生したようです。{loaderName}のUIにアクセスできないか、正常に表示されない可能性があります。\nFall Guysのアップデート後にこのエラーが発生した場合は、{loaderName}のアップデートをお待ちください。それ以外の場合は、Discord サーバーでサポートを依頼してください。\n\nError message: {0}"},
  {"key": "gui_localization_author_v2", "value": "{0} による翻訳 | 最終更新: {1}"},
  {"key": "gui_disabled_feature", "value": "申し訳ございませんが、この機能は一時的に無効になっています。\nDiscordサーバーで詳細情報を確認できます。"},
  {"key": "server_generic_error_title", "value": "問題が発生しました"},
  {"key": "server_host_error", "value": "エラーによりサーバーを開始できません。ゲームを再起動してみてください。"},
  {"key": "server_join_error", "value": "現在、サーバーに接続できません。ホストへの接続を確認し、ゲームを再起動してください。"},
  {"key": "gui_lan_multiplayer", "value": "LANマルチプレイヤー"},
  {"key": "lan_ip_field_holder", "value": "サーバーIPアドレス"},
  {"key": "lan_port_field_holder", "value": "サーバーポート"},
  {"key": "lan_players_field_holder", "value": "ロビーサイズ"},
  {"key": "gui_server_host", "value": "サーバーをホスト"},
  {"key": "gui_server_join", "value": "サーバーに参加"},
  {"key": "gui_server_shutdown", "value": "サーバーを終了"},
  {"key": "latest_preset_set_title", "value": "プリセットが自動的に適用されました"},
  {"key": "latest_preset_set_desc", "value": "設定により、プリセット\"{0}\"が自動的に読み込まれました。"},
  {"key": "gui_fgc_explore_1_v2", "value": "Fall Guys APIから自由探索ラウンドを取得"},
  {"key": "gui_download_progress_content", "value": "{loaderName}コンテンツを取得中"},
  {"key": "gui_only_in_menu", "value": "この機能はメインメニューでのみ使用できます"},
  {"key": "gui_unavailable_here", "value": "この機能は現在使用できません"},
  {"key": "gui_play_selected", "value": "選択したものをプレイ！"},
  {"key": "server_join_update_title", "value": "アップデートの必要"},
  {"key": "server_join_update_desc", "value": "参加しようとしたサーバーは、新しいバージョンの{loaderName}でホストされているようです。問題が発生しないように、ホストと同じ{loaderName}バージョンに更新してください。"},
  {"key": "server_host_update_title", "value": "バージョンエラー"},
  {"key": "server_host_update_desc", "value": "参加しようとしたサーバーは、古いバージョンの{loaderName}でホストされているようです。問題が発生しないように、ホストがあなたと同じバージョンを実行していることを確認してください。"},
  {"key": "server_join_version_difference_title", "value": "バージョン違い"},
  {"key": "server_join_version_difference_desc", "value": "参加しようとしたサーバーは、異なるバージョンの{loaderName}でホストされているようです。問題が発生しないように、ホストと同じバージョンの{loaderName}で実行されていることを確認してください。(Build IDが一致している必要があります)\nBuild IDを確認するには、デバッグ情報を開いてください。"},
  {"key": "server_fatal_error_title", "value": "致命的エラー"},
  {"key": "server_fatal_error_desc", "value": "サーバーに致命的なエラーが発生したため、操作を続行できません。\n詳細についてはログを確認し、この問題について報告してください。"},
  {"key": "gui_ui_in_locker", "value": "コスチュームロッカーにいる間はUIを切り替えることができません。ロッカーを閉じてください。"},
  {"key": "gui_missing_round", "value": "ラウンド\"{0}\"を読み込もうとしましたが見つかりませんでした。IDのスペルが正しいか確認してください。"},
  {"key": "gui_error_msg_v2", "value": "このエラーについて、{loaderName} Discordサーバーでエラーの原因とエラー内容を報告してください。また、{0}を押して得られるデバッグ情報も送ってください。"},
  {"key": "fgt_tooltip_13", "value": "{loaderName}で遊ぼうとしたら、「保護されているメモリに読み込みまたは書き込み操作を行おうとしました。他のメモリが壊れていることが考えられます。」って表示された。どうしよう？"},
  {"key": "pre_release_warn_title", "value": "通知"},
  {"key": "pre_release_warn_desc", "value": "プレリリース版でプレイしています。何か問題が発生した場合は報告してください。"},
  {"key": "gui_local_save_no_levels_title", "value": "レベルがありません"},
  {"key": "gui_local_save_no_levels_desc", "value": "削除する前に、まず保存されたレベルがありません。"},
  {"key": "img2fgc_no_levels", "value": "レベルが見つかりません。このアクションを実行する前にレベル選択画面を開いてください。"}
]