[
  {"key": "menuenter_title", "value": "{loaderName} がインストールされました！"},
  {"key": "menuenter_desc", "value": "あなたのFallGuysに{loaderName}がインストールされました！\\n {loaderName}のUIがすでに表示され、使用可能になっているはずです。 {loaderName}は一人の人間が制作したものであり、すべてが完璧に動作するとは限りません。\\n質問や提案、バグ報告がありましたら、ぜひDiscordサーバーへどうぞ。楽しんで！"},
  {"key": "menuenter_desc_offline", "value": "{loaderName} は現在オフラインモードで動作しています。 オフラインモードを無効にするには、ゲームを再起動する必要があります。"},
  {"key": "continue_btn", "value": "続ける"},
  {"key": "close_btn", "value": "閉じる"},
  {"key": "fgc_title", "value": "ちょっと待って！"},
  {"key": "fgc_desc", "value": "あなたは今FGCでプレイしているようです。クリエ読み込みを使用するか、FGCをやめてから読み込んでください。"},
  {"key": "fgc_ok_btn", "value": "わかった"},
  {"key": "config_title", "value": "何かがおかしい"},
  {"key": "config_desc", "value": "設定されているものがおかしくなっています！ 設定ファイルが最新バージョンに更新されていますか？\\n\\nエラー: {0}\\n\\nこのエラーが修正できそうにない場合は、設定ファイルを削除し、このModを再インストールしてみてください。"},
  {"key": "failedscene_title", "value": "シーンのロードに失敗！"},
  {"key": "failedscene_desc", "value": "{sceneName}\" はゲームファイルから削除されているようです、残念ながら今は読み込めません…\\n"},
  {"key": "failedscene_success", "value": "以前のラウンド ({0}) が再ロードされます。"},
  {"key": "failedscene_failed", "value": "メニューに戻ります"},
  {"key": "img2fgc_title", "value": "！注意！"},
  {"key": "img2fgc_desc", "value": "このツールを使用する前に、以下の文章をお読みください。\\n\\n使用方法\\nIn ・\"画像名\" 欄に、imgToFGCフォルダにある画像の名前を入力する\\n・幅/高さは、ラウンドにインポートしたときの画像の大きさです。\\nPress マップを生成し、クリエイティブタブにある\"ロードする\"を開いてから、\"既存のマップをラウンドに置き換える\" ボタンを押してください。 \\n\\nこのボタンを押すと、クリエイティブのどれかのラウンド（置き換えたいラウンド）を選択すると、それに置き換えられます。そこでラウンドを保存すると、元のラウンドは <b>永遠に失われます！</b> ミスなどがありも元のラウンドに戻したい場合は、ラウンドを保存せずにクリエイティブを終了し、Fall Guysを再起動することをおすすめします。\\n\\nFallGuysToolsフォルダにある、JSONフォルダ(colors.json)を使って色を編集することなどもできます。"},
  {"key": "img2fgc_btn_ok", "value": "私はこの文章を読み、リスクを理解して使用します"},
  {"key": "img2fgc_btn_close", "value": "これを使わない"},
  {"key": "piracy_title", "value": "海賊版で遊ぶことはできません！"},
  {"key": "piracy_desc", "value": "ゲームの海賊版を遊ぶことは犯罪です。\\nゲームを終了し、公式サイト等の安全な場所から再インストールすることをおすすめします。"},
  {"key": "piracy1_title", "value": "クリティカルエラー"},
  {"key": "piracy1_desc", "value": "Fall Guysにエラーが発生した可能性があります。パフォーマンスに重大な影響を及ぼす可能性もありますので、ゲームの再起動をおすすめします。"},
  {"key": "gui_hotkeys", "value": "ホットキー: {0} :カーソルの表示切替、 {1} :UIの表示切替、 {2} :デバッグUIの表示切替、 {3} :飛行モードの切替、 {4} :リスポーン、 {5} :チェックポイントの設定、 {6} :フリーカメラの切替、 {7} :チェックポイントを初期位置にリセット"},
  {"key": "gui_show_loader", "value": "ショーローダー"},
  {"key": "gui_gen_cms_list", "value": "CMSラウンドリストの生成"},
  {"key": "gui_print_show_list", "value": "ショーリストの書き込み"},
  {"key": "gui_play", "value": "プレイ"},
  {"key": "gui_random_round", "value": "ランダムラウンド"},
  {"key": "gui_menu", "value": "メインメニュー"},
  {"key": "gui_fix_obstacles", "value": "障害物の修正"},
  {"key": "gui_hotkey_edit", "value": "ホットキー設定"},
  {"key": "gui_ui", "value": "UI"},
  {"key": "gui_toggle_cursor", "value": "カーソルの表示切替"},
  {"key": "gui_toggle_ui", "value": "UIの表示切替"},
  {"key": "gui_toggle_img2fgc", "value": "Img2Fgc UI"},
  {"key": "gui_toggle_ffm", "value": "飛行モードの切替"},
  {"key": "gui_toggle_media", "value": "画像UI"},
  {"key": "gui_gameplay", "value": "ゲームプレイ"},
  {"key": "gui_respawn", "value": "リスポーン"},
  {"key": "gui_checkpoint", "value": "チェックポイントの設定"},
  {"key": "gui_fc", "value": "フリーカメラ"},
  {"key": "gui_toggle_fc", "value": "フリーカメラの切替"},
  {"key": "gui_pause_fc", "value": "フリーカメラの停止"},
  {"key": "gui_move_up", "value": "上に動く"},
  {"key": "gui_move_down", "value": "下に動く"},
  {"key": "gui_move_forward", "value": "前に動く"},
  {"key": "gui_exit", "value": "終了"},
  {"key": "gui_show_loader_desc", "value": "これはショーローダーです！選んだショーのラウンドプールでプレイ可能で、ランダムラウンドは選んだラウンドプールからのみ選択されます。"},
  {"key": "gui_old_list", "value": "あなたのラウンドリストは古いです、更新するにはここをクリックしてください。"},
  {"key": "gui_update_list", "value": "リストを更新"},
  {"key": "gui_print_round_list", "value": "コンソールにラウンドリストを書き込む"},
  {"key": "gui_gen_round_list", "value": "CMSラウンドリストの生成"},
  {"key": "gui_cms_loader", "value": "ラウンドローダー"},
  {"key": "gui_edit_hotkeys", "value": "ホットキー設定"},
  {"key": "gui_single_load", "value": "ソロ読み込み"},
  {"key": "gui_additive_load", "value": "クリエ読み込み"},
  {"key": "gui_input_wait_1", "value": "設定するキーを押す..."},
  {"key": "gui_input_wait_2", "value": "[ESC] キーを押すとキャンセルできます"},
  {"key": "gui_img2fgc", "value": "FGCに画像をインポート"},
  {"key": "gui_img2fgc_img_name", "value": "画像名"},
  {"key": "gui_folder", "value": "フォルダ"},
  {"key": "gui_img2fgc_wh", "value": "幅/高さ"},
  {"key": "gui_img2fgc_should_del_black", "value": "黒いピクセルを開ける"},
  {"key": "gui_img2fgc_should_del_white", "value": "白いピクセルを開ける"},
  {"key": "gui_img2fgc_digital", "value": "デジタルテーマで生成"},
  {"key": "gui_img2fgc_gen_level", "value": "マップを生成"},
  {"key": "gui_img2fgc_replace", "value": "既存のマップをラウンドに置き換える"},
  {"key": "gui_img2fgc_credits", "value": "Img2fgcは Twitter:@repinek840 によって作成されました。"},
  {"key": "request_error_2", "value": "保存されましたが…"},
  {"key": "request_error_save_config_2", "value": "あなたが入手したことのないコスチュームを装備した場合、ゲームを再起動するとコスチュームはリセットされます。この時、ロビーに他の人がいる場合はそのコスチュームを他の人が見ることができます。再起動しない限りはどのラウンドをロードしてもコスチュームは保存されます。"},
  {"key": "gui_save_into_config", "value": "設定を保存"},
  {"key": "gui_rotate_speed", "value": "回転速度"},
  {"key": "gui_move_down_speed", "value": "下に動く速度"},
  {"key": "gui_move_up_speed", "value": "上に動く速度"},
  {"key": "gui_move_speed", "value": "前に動く速度"},
  {"key": "gui_ffm_settings", "value": "飛行モード設定"},
  {"key": "gui_ffm_hotkeys", "value": "{0} で上に動き、 {1} で下に動き、 {2} で前に動くことができます。"},
  {"key": "gui_media_load", "value": "ロード"},
  {"key": "gui_img_loader", "value": "画像ローダー"},
  {"key": "gui_fc_settings", "value": "フリーカメラ設定"},
  {"key": "gui_zoom_speed", "value": "ズーム速度"},
  {"key": "gui_sensivity", "value": "感度"},
  {"key": "gui_stats", "value": "統計"},
  {"key": "gui_fc_pos", "value": "位置"},
  {"key": "gui_fov", "value": "視野"},
  {"key": "gui_fc_hotkeys", "value": "{0} で終了、 {1} で一時停止、 ホイールスクロールでズーム、 {2} で上に移動、 {3} で下に移動"},
  {"key": "gui_near_fg", "value": "FallGuyの近く"},
  {"key": "gui_follow_fg_pos", "value": "FGの位置を貼り付け"},
  {"key": "gui_destroy_all", "value": "全削除"},
  {"key": "confirm_title", "value": "大丈夫？"},
  {"key": "confirm_desc", "value": "本当にこれを実行していいですか？:"},
  {"key": "failed_title", "value": "エラー"},
  {"key": "failed_desc", "value": "この操作でエラーが発生しました。\\nエラー: {0}"},
  {"key": "gui_as_cube", "value": "立方体として"},
  {"key": "gui_url_load", "value": "画像URLから"},
  {"key": "gui_run_qual", "value": "Qualified!"},
  {"key": "gui_run_resetmsg", "value": "{0} を {1}秒押し続けるとリスタートします！"},
  {"key": "spqual_title", "value": "Qualified!"},
  {"key": "spqual_desc", "value": "現在の記録をベストタイムとして保存していいですか？ベストタイムよりはやいことを確認しでください。"},
  {"key": "spqual_desc2", "value": "ベストタイム: {0} | 現在のタイム: {1}"},
  {"key": "gui_best_time", "value": "ベストタイム"},
  {"key": "gui_run_elim", "value": "Eliminated!"},
  {"key": "gui_run_win", "value": "Win!"},
  {"key": "gui_run_info", "value": "現在のタイム"},
  {"key": "gui_fc_pause", "value": "一時停止"},
  {"key": "gui_reset_run", "value": "リセット"},
  {"key": "spqual_title2", "value": "もう1回プレイする？"},
  {"key": "spqual_desc3", "value": "もう1度このラウンドをプレイしてみる？"},
  {"key": "gui_vid_loader", "value": "動画ローダー"},
  {"key": "gui_discord_btn", "value": "Discordサーバー"},
  {"key": "load_ugc", "value": "残念ながら、このラウンドは読み込めません。 {loaderName} は現時点ではFGCラウンドの読み込みをサポートしていません。\\n通常のFallGuysを実行し、 {0} を使用することで"},
  {"key": "null_secene", "value": "このラウンドにはゲームを開始するための十分な情報が含まれていません！"},
  {"key": "unable_to_find_round", "value": "ID: «{0}» のラウンドが見つかりませんでした。"},
  {"key": "unable_to_find_path", "value": "そのパスのファイルは見つかりませんでした。"},
  {"key": "gui_options", "value": "ツール"},
  {"key": "gui_wait", "value": "待って..."},
  {"key": "gui_open_config", "value": "Configファイルを開く"},
  {"key": "gui_basic_o", "value": "ベーシックツール"},
  {"key": "gui_gp_o", "value": "ゲームプレイツール"},
  {"key": "gui_round_loading", "value": "ラウンドロード中"},
  {"key": "gui_round_intro", "value": "イントロプレイ中"},
  {"key": "gui_hotkeys_gp", "value": "ゲームプレイホットキー: {0} :飛行モードの切替、 {1} :リスポーン、 {2} :チェックポイント、 {3} :フリーカメラの切替、 {4} :チェックポイントを初期位置にリセット"},
  {"key": "gui_hotkeys_ui", "value": "UIホットキー: {0} :カーソルの表示切替、 {1} :UIの表示切替、 {2} :img2fgcUIの表示切替、 {3} 画像UIの表示切替"},
  {"key": "unable_to_load_img", "value": "エラーにより画像を読み込めません:"},
  {"key": "unable_to_spawn", "value": "Fall Guyがスポーンできません"},
  {"key": "unable_to_find_show", "value": "ショー: «{0}» を見つけることができません。"},
  {"key": "intro_skip_msg", "value": "{0} を {1}秒押し続けるとイントロをスキップできます！"},
  {"key": "revert_changes", "value": "変更を戻す"},
  {"key": "dropdown_placeholder", "value": "どれかを選択..."},
  {"key": "inputfield_placeholder", "value": "どれかを打つ..."},
  {"key": "gui_loader", "value": "メインローダー"},
  {"key": "gui_edit_config_title", "value": "設定変更"},
  {"key": "gui_media_tools_title", "value": "画像ツール"},
  {"key": "in_development", "value": "開発中！また今度チェック"},
  {"key": "gui_search_round", "value": "名前(またはシーン名)でラウンドを検索..."},
  {"key": "gui_search_show", "value": "ショー名を検索..."},
  {"key": "gui_show_image", "value": "ショーアイコンを閲覧"},
  {"key": "gui_desc", "value": "説明:"},
  {"key": "gui_total_rounds", "value": "リストの合計ラウンド数"},
  {"key": "gui_total_ids", "value": "リストの合計ID数"},
  {"key": "gui_selected_show", "value": "選択されたショー"},
  {"key": "gui_loaded_show", "value": "ロードされたショー"},
  {"key": "gui_possible_show_rounds", "value": "利用可能ラウンド"},
  {"key": "gui_open_fgdb", "value": "FGDBで見る"},
  {"key": "gui_config_about", "value": "このページでは基本的な設定を行うことができます。"},
  {"key": "gui_config_about_0", "value": "- 設定を更新 - シーンを再読込し、すべての設定を更新します。"},
  {"key": "gui_config_about_1", "value": "- GUI情報の更新 - ショーやラウンド名等の情報をリセットします。ゲームの言語を変更した場合に使用してください。"},
  {"key": "gui_config_about_2", "value": "- Configファイルを開く - これを使用する必要はないはず..."},
  {"key": "gui_config_about_3", "value": "現時点ではこれが全てです。"},
  {"key": "gui_credits", "value": "クレジット"},
  {"key": "gui_refresh_config", "value": "設定を更新"},
  {"key": "gui_refresh_gui", "value": "GUI情報の更新"},
  {"key": "gui_img2fgc_tab", "value": "IMG2FGC"},
  {"key": "gui_rl_advenced", "value": "上級モード"},
  {"key": "gui_rl_a_inputholder", "value": "CMSラウンドIDを入力... (例: round_door_dash )"},
  {"key": "gui_rl_desc", "value": "これはラウンドローダーです。時間制限はなく、動作する限りはどのバリエーションでもどのラウンドでもプレイできます。"},
  {"key": "gui_rla_desc", "value": "これは上級版ラウンドローダーです、FGT v1.3.0以前で使用されていたラウンドローダーと同じように動作します。"},
  {"key": "gui_img2fgc_desc", "value": "img2fgcは、任意の画像をクリエイティブレベルに変換できるツールです。 画像のサイズ、幅と高さが大きすぎると、レベルが保存できなくなり、 <b>パフォーマンスが低下する恐れがあります！</b>"},
  {"key": "img2fgc_uhh", "value": "先にマップを生成してください！"},
  {"key": "gui_config_about_4", "value": "- イベントをリセット - 完了した全てのイベントをリセットします。（メインメニューのポップアップなど）"},
  {"key": "gui_clear_evt", "value": "イベントをリセット"},
  {"key": "preset_holder", "value": "プリセット名..."},
  {"key": "newpreset_title", "value": "新しいプリセットを作成"},
  {"key": "newpreset_desc", "value": "・コスチュームプリセットにより、コスチュームの変更を簡単にすることができます。\\n・コスチュームプリセットは、\"すべてのコスチュームを追加\"を使用したコスチュームに対応しています。\\n・ゲーム中でもプリセットを使用するとコスチュームを変更できます。\\n\\nコスチュームプリセットは、\"Presets\"フォルダにあります。"},
  {"key": "gui_presets", "value": "プリセット"},
  {"key": "gui_presets_title", "value": "コスチュームプリセット"},
  {"key": "gui_preset_delete_act", "value": "プリセット: \"{0}\"は削除されているので、\\nコスチュームセットを復元することはできません。"},
  {"key": "gui_del_videos_act", "value": "シーンから全ての動画を削除"},
  {"key": "gui_del_images_act", "value": "シーンから全ての画像を削除"},
  {"key": "gui_delete_preset", "value": "プリセットを削除"},
  {"key": "gui_use_preset", "value": "プリセットを使用"},
  {"key": "gui_presets_desc", "value": "コスチュームプリセットを使用すれば、簡単にコスチュームを切り替えられます。 ゲーム内でも変更可能！ \"プリセット作成\" ボタンを押して、プリセットを作成してみよう！"},
  {"key": "gui_default_load", "value": "何をやろうとしているんだ...？"},
  {"key": "gui_new_preset", "value": "プリセット作成"},
  {"key": "gui_rl_block", "value": "ラウンドローダーは現在使用できません。現在のラウンドが開始するまで待つか、再試行してください！"},
  {"key": "gui_error_msg", "value": "このエラーについて、 {loaderName} discord サーバーでエラー内容を報告し、  {0}を押して得られるデバッグ情報を送っていただけるとありがたいです。"},
  {"key": "gui_fix_obstacles_error", "value": "エラーにより、一部の障害物を修正できませんでした。:"},
  {"key": "gui_error_0", "value": "あなたはまだプレイすることができます"},
  {"key": "gui_error_1", "value": "メニューに戻る"},
  {"key": "gui_cancel_loading", "value": "ロードをキャンセルし、メニューに戻る"},
  {"key": "fgt_eac_error", "value": "MODを使用してFallGuysをプレイしてる間は、オンラインでプレイすることはできません！オンラインでプレイしたい場合は、BepInExをアンインストールし、ゲームファイルの検証を行いEACを復元する必要があります。"},
  {"key": "gui_del_list", "value": "既存のラウンドリストを削除"},
  {"key": "offline_log_title", "value": "あなたは オフラインのようです"},
  {"key": "offline_log_desc", "value": "オフラインモードを有効にして、 {loaderName} をインターネットに接続せずに使えるようにしますか？このモードを無効化するまで、全てのオンライン機能は無効になります。"},
  {"key": "online_log_title", "value": "あなたは 現在オンラインのようです"},
  {"key": "online_log_desc", "value": "しかし、オフラインモードは有効化されたままです。この機能を無効にして、オンライン機能を使用できるようにしますか？"},
  {"key": "cmsload_failed", "value": "エラーによりラウンドのロードを開始できません"},
  {"key": "sp_qual_disabled_title", "value": "大丈夫？"},
  {"key": "sp_qual_disabled_desc", "value": "ラウンドのクリアを無効にしたいようですが、これはスピードランを完走できないことを意味します。これを有効にしますか？"},
  {"key": "gui_error_2", "value": "ゲームが終了します"},
  {"key": "gui_pizzatowerreference", "value": "ラップ"},
  {"key": "gui_found_results", "value": "見つかったラウンド数"},
  {"key": "gui_preset_color", "value": "カラー"},
  {"key": "gui_preset_pattern", "value": "パターン"},
  {"key": "gui_preset_upper", "value": "上半身"},
  {"key": "gui_preset_bottom", "value": "下半身"},
  {"key": "gui_preset_full", "value": "全身"},
  {"key": "gui_preset_faceplate", "value": "フェイスプレート"},
  {"key": "gui_preset_win_anim", "value": "勝利モーション"},
  {"key": "gui_preset_nickname", "value": "ニックネーム"},
  {"key": "gui_preset_nameplate", "value": "ネームプレート"},
  {"key": "gui_preset_emotes", "value": "エモート"},
  {"key": "gui_preset_info", "value": "プリセット情報"},
  {"key": "gui_restart_title", "value": "再起動が必要です"},
  {"key": "gui_restart_desc", "value": "変更を完全に適用させるには、ゲームを再起動する必要があります。再起動しますか？"},
  {"key": "gui_reload_title", "value": "シーンの再読込が必要です"},
  {"key": "gui_reload_desc", "value": "変更を適用させるには、ラウンドを再読込する必要があります。再読込しますか？"},
  {"key": "gui_unable_get_name", "value": "名前が取得できません"},
  {"key": "old_fgtools_title", "value": "HEY"},
  {"key": "old_fgtools_desc", "value": "古いバージョンのFGToolsがインストールされているようです。このポップアップでOKを押すと、プラグインのディレクトリが開きます。そこにある\"FallGuysTools\"というフォルダを削除し、再度ゲームを起動してください。"},
  {"key": "gui_move_team", "value": "チームを変更"},
  {"key": "speedrunneralert_title", "value": "スピードランナーのあなたへ！"},
  {"key": "speedrunneralert_desc", "value": "あなたは、{0} を長くプレイしすぎていると思います。少し休憩して、芝生でも触りに行ってみたらどうでしょう？\\n\\nこのポップアップはもう表示されないのでご安心を、スピードランを楽しんで！"},
  {"key": "speedrunneralert_cancel", "value": "スピードランを続ける"},
  {"key": "speedrunneralert_accept", "value": "その通りだ"},
  {"key": "gui_speedrunner_popup_alert", "value": "すぐに何かが起こる…"},
  {"key": "gui_speedrunner_popup_alert_1", "value": "スピードランに集中しすぎないように気をつけて"},
  {"key": "disabledsetting_title", "value": "いくつかの設定が無効化されていました！"},
  {"key": "disabledsetting_desc", "value": "以下の設定: {0} がこのラウンドで無効化またはデフォルト値に変更されました。"},
  {"key": "msg_tip", "value": "TIP"},
  {"key": "msg_tip_ffm", "value": "{1} を押すことで、速度の編集が可能になります。"},
  {"key": "msg_tip_fc", "value": "移動はWASD、回転はマウスでできます。スクロールホイールを使ってズーム、 {0} を押してカメラを一時停止することもできます。\\n\\n {1}で設定を編集可能！"},
  {"key": "msg_outdated_ver_title", "value": "最新バージョンではありません！"},
  {"key": "msg_outdated_ver", "value": "このバージョンは昔のバージョンのようです。\\n最新バージョン({0}) は {loaderName} Discordサーバーからダウンロードできます。\\n現在のバージョンでもプレイ可能ですが、バグ修正等を含んでいるためアップデートをおすすめします。"},
  {"key": "msg_old_spc_possible", "value": "設定でシーン全体の再読込を有効化できます。"},
  {"key": "changelog_for", "value": "変更履歴"},
  {"key": "changelog_limit", "value": "...そして {0} のさらなる変更があります... - Discordサーバーで完全な変更履歴を確認できます！"},
  {"key": "changelog_title", "value": "変更履歴"},
  {"key": "cgm_error", "value": "ゲームマネージャーの作成中にエラーが発生しました。"},
  {"key": "debug_msg", "value": "バグ報告をする際にこの情報を使用する"},
  {"key": "debug_title", "value": "デバッグ情報"},
  {"key": "fgc_length", "value": "ラウンドキーの長さは14文字でなければなりません。しかし"},
  {"key": "fgc_error", "value": "ラウンドのロード準備中にエラーが発生しました。"},
  {"key": "fgc_missing", "value": "おそらくこのラウンドは存在していません。"},
  {"key": "fgc_missing_template", "value": "このラウンドのテンプレートが見つかりません。"},
  {"key": "gui_error_3", "value": "メニューにとどまる"},
  {"key": "gui_creative_loader", "value": "クリエイティブラウンド(ベータ版)"},
  {"key": "gui_creative_loader_desc", "value": "これはクリエイティブラウンドローダーです。ラウンドをプレイするには、上記のテキストフィールドに共有コードを入力してください。"},
  {"key": "code_input_holder", "value": "ラウンドコードを入力 (例:0000-0000-0000)"},
  {"key": "gui_unity_loader", "value": "Unityラウンド"},
  {"key": "fgc_level_inf", "value": "レベルに関する情報"},
  {"key": "fgc_level_name", "value": "タイトル"},
  {"key": "fgc_level_desc", "value": "説明"},
  {"key": "fgc_level_gamemode", "value": "ゲームモード"},
  {"key": "fgc_level_author", "value": "制作者:"},
  {"key": "fgc_level_ver", "value": "バージョン"},
  {"key": "fgc_level_likes", "value": "高評価"},
  {"key": "fgc_level_pc", "value": "プレイ回数"},
  {"key": "fgc_level_maxp", "value": "最大プレイヤー"},
  {"key": "fgc_level_qp", "value": "クリア率"},
  {"key": "fgc_level_timel", "value": "制限時間"},
  {"key": "fgc_level_platform", "value": "作成機種:"},
  {"key": "fgc_level_tags", "value": "タグ"},
  {"key": "fgc_level_utags", "value": "ユーザーのタグ"},
  {"key": "fgc_level_muz", "value": "音楽"},
  {"key": "fgc_level_load", "value": "情報の取得..."},
  {"key": "fgc_level_extra", "value": "その他の情報"},
  {"key": "fgc_level_theme", "value": "テーマ"},
  {"key": "fgc_level_compstat", "value": "クリアチェック"},
  {"key": "fgc_level_sp", "value": "サバイバル通過率"},
  {"key": "gui_yes", "value": "Yes"},
  {"key": "gui_no", "value": "No"},
  {"key": "fgc_level_nodto", "value": "LevelInfoDto が見つかりませんでした。"},
  {"key": "fgt_tooltip_01", "value": "{introSkipHK} を押し続けるとイントロをスキップできます。"},
  {"key": "fgt_tooltip_02", "value": "設定で \"全てのコスチュームを追加\" を有効化すると、ゲーム内に存在する全てのコスチュームを追加することができます！"},
  {"key": "fgt_tooltip_03", "value": "{0} を押すことで {loaderName} GUIを表示/非表示させることができます。"},
  {"key": "fgt_tooltip_04", "value": "もしなにか質問があれば、{loaderName} Discordサーバーまでお気軽にどうぞ！"},
  {"key": "fgt_tooltip_05", "value": "設定でカスタム制限時間を有効化することができます！"},
  {"key": "fgt_tooltip_06", "value": "設定でラウンドからQualificationを無効化できます！"},
  {"key": "fgt_tooltip_07", "value": "楽しい事実：このゲームでは、何かをスピードランニングする代わりに、ちょっとした草を触ることができます！"},
  {"key": "fgt_tooltip_08", "value": "設定でパワーアップを変更したり、無効化したりできます！"},
  {"key": "fgt_tooltip_09", "value": "Fall Guysをオフラインでプレイしたいですか？設定でオフラインモードを有効化できます！"},
  {"key": "unable_to_load_scene", "value": "シーンをロードできません"},
  {"key": "unable_to_load_scene_01", "value": "このラウンドで使用されているシーンは現在ゲームファイルから削除されているようです。"},
  {"key": "unable_to_load_scene_02", "value": "前のラウンドをプレイ"},
  {"key": "unable_to_load_scene_03", "value": "再び読み込む"},
  {"key": "no_changelog_get", "value": "このバージョンの変更履歴を入手できませんでした。"},
  {"key": "fgt_tooltip_10", "value": "Fall Foreverアップデート以前の古い（低ジャンプ力）キャラクター物理をプレイしたいなら、設定で有効化できます！"},
  {"key": "fgt_tooltip_11", "value": "{loaderName} を使わずに3日が過ぎた。 しんどくて死んでしまいたい気分だ。 新しいアップデートの後、 {loaderName} をプレイしようとしたが、うまくいかなかった。 私は今、おそらく最悪の状態だろう。 新しいアップデートはひどいし、プレイするものがない。 別れを告げるのは良いことだと思う。 私はこれで終わりにしようと思っている。 {loaderName} は私の人生であり、 {loaderName} は私の一番の親友だった。 草には触らないから、{loaderName} が今のところ私の最後の希望なんだけど、悲しいことに上手く行かないんだ。 真剣に精神的な助けが必要なんだ。"},
  {"key": "userchange_title", "value": "ユーザー名を選択"},
  {"key": "userchange_desc", "value": "ゲームがオフラインで起動したので、ユーザー名が設定されていません。入力するか、デフォルトのユーザー名を使用してください。選択したユーザー名は、設定でいつでも変更可能です！"},
  {"key": "userchange_holder", "value": "OfflineGuy"},
  {"key": "gui_toggle", "value": "切替"},
  {"key": "gui_save", "value": "セーブ"},
  {"key": "gui_variant_lastsave", "value": "最後のセーブに切り替える"},
  {"key": "gui_variant_toggleall", "value": "全て切替"},
  {"key": "gui_variant_title", "value": "バリエーションオプション"},
  {"key": "gui_ingame_only_ui", "value": "ゲーム内オプション"},
  {"key": "gui_ingame_tab", "value": "ゲームプレイ設定"},
  {"key": "rpc_fgc_alert_title", "value": "始める前に…"},
  {"key": "rpc_fgc_alert_desc", "value": "{loaderName}にDiscordRPCの機能があるので、編集中のいくつかの情報がDiscordのステータス（アクティビティ）に表示され、他の人が見れる状態になっていることを知っておく必要があります。（エディタの状態、コース/サバイバル、レベル名等） 大丈夫な場合は、 \"OK\" を押して楽しんでください。もしそれが嫌なら、 {loaderName} 設定を開いて、Discord RPCを無効化してください。\\n\\n このポップアップは二度と表示されません。"},
  {"key": "gui_handle_random_cosmetics", "value": "ランダムコスチューム"},
  {"key": "gui_handle_default_cosmetics", "value": "元のコスチュームに戻す"},
  {"key": "gui_attempt", "value": "試み"},
  {"key": "gui_warning", "value": "警告"},
  {"key": "discordsdk_missing_desc", "value": "Discord Game Sdkが見つかりません。Discord Game SdkはDiscord RPCの動作に必須です。今のところDiscord RPCは無効化されています。これを復活させるためには、discord_game_sdk.dll を {loaderName} フォルダに入れるか、{loaderName} Discordサーバーで助けを求めてください。"},
  {"key": "gui_default", "value": "デフォルト"},
  {"key": "gui_misc", "value": "その他"},
  {"key": "themes_selector_title", "value": "メニューテーマセレクター"},
  {"key": "statistics_title", "value": "あなたの {loaderName} ステータス"},
  {"key": "theme_restart_title", "value": "再起動が必要です"},
  {"key": "theme_restart_desc", "value": "デフォルトのテーマに戻すには、ゲームを再起動する必要があります。再起動しますか？"},
  {"key": "stat_time_in_game", "value": "合計ゲーム時間"},
  {"key": "stat_total_rounds", "value": "合計ラウンド数"},
  {"key": "gui_delete_stats", "value": "統計情報をリセット"},
  {"key": "stat_launch_times", "value": "ゲームセッション"},
  {"key": "stat_sp_att_total", "value": "スピードランモードでの合計試行回数"},
  {"key": "stat_time_inmenu", "value": "メニュー内時間"},
  {"key": "gui_unavailable", "value": "使用不可"},
  {"key": "theme_selector_not_in_menu", "value": "テーマを変更するには、メインメニューにいる必要があります。"},
  {"key": "stats_del_title", "value": "本当に良い？"},
  {"key": "stats_del_desc", "value": "本当に全ての統計情報をリセットしたいのですか？この操作をもとに戻すことはできません！"},
  {"key": "theme_change_title", "value": "テーマを変更する？"},
  {"key": "theme_change_desc", "value": "テーマを変更しますか？"},
  {"key": "gui_open_rhistory", "value": "ラウンド履歴を表示"},
  {"key": "gui_close_rhistory", "value": "ラウンド履歴を閉じる"},
  {"key": "gui_nothing2see", "value": "ここにはまだ何も無い"},
  {"key": "gui_save_stats", "value": "統計情報の保存"},
  {"key": "gui_stats_info_01", "value": "- 統計はゲームを終了するたびに保存され、5分ごとに自動的に保存されます。"},
  {"key": "gui_result", "value": "結果"},
  {"key": "stats_result_leave", "value": "やめる"},
  {"key": "stats_result_new", "value": "新ラウンド"},
  {"key": "round_length", "value": "ラウンドの長さ"},
  {"key": "stats_total_time_fgc", "value": "FGCにいた合計時間"},
  {"key": "gui_stats_info_02", "value": "- {loaderName} をプレイしているときのみ統計情報を取得します。"},
  {"key": "stats_collectables_collected", "value": "アイテム取得個数"},
  {"key": "stats_powerup_uses", "value": "パワーアップ使用回数"},
  {"key": "gui_stats_info_03", "value": "- デバイスに保存された統計"},
  {"key": "stats_save_time_remain", "value": "オートセーブまでの時間"},
  {"key": "gui_date", "value": "日付"},
  {"key": "gui_force_reset", "value": "強制リセット"},
  {"key": "force_reset_desc", "value": "これをするとFGToolsの状態を完全デフォルトにリセットすることができます。ソフトロックしていたり、なにか問題がある時に使用してください。 <b>これを実行すると、何をしていてもメニューに戻されます。FGCreativeにいる場合は、進行状況が失われますので注意！</b>"},
  {"key": "fgt_tooltip_12", "value": "Господи Стентрик, Спидранер Божий, моля Те с кувшя и смирение, чуй молбата ми за радост и забавление в моменти на отдих. Помогни на създателите на играта FGStoola да върнат игрите с 360 дивами, както и мудьтиплеер играти, които толкова много радваха сърцата ни. ФлоузЛ!"},
  {"key": "gui_flzru_img", "value": "Funny Image"},
  {"key": "gui_deleted_rounds", "value": "削除済みラウンド数"},
  {"key": "gui_deleted_rounds_desc", "value": "*ラウンド名が灰色の場合は、そのラウンドがゲームファイルに存在していないことを意味します！"},
  {"key": "gui_imgloader_desc", "value": "これは画像ローダーで、URL経由で画像を読み込んだり、デバイスに保存されている画像を読み込んだりできます。"},
  {"key": "gui_imgloader_desc_01", "value": "デバイスに保存されている画像を読み込むには、読み込みたい画像をフォルダーに入れ、入力フィールドに画像名を入力してください。"},
  {"key": "gui_imgloader_desc_02", "value": "URL経由で画像を読み込むには、\"画像URLから\" にチェックを入れ、画像URLを入力フィールドに入力してください。（例: https://example.com/example.png/ ）"},
  {"key": "gui_fgc_hex", "value": "カスタムカラー"},
  {"key": "gui_fgc_hex_set", "value": "設定"},
  {"key": "gui_fgc_hex_preview", "value": "プレビュー"},
  {"key": "gui_fgc_hex_title", "value": "カスタムオブジェクトカラー"},
  {"key": "gui_fgc_hex_fgc", "value": "ゲームカラー"},
  {"key": "gui_fgc_autosave_in", "value": "レベル自動保存"},
  {"key": "version_warning_title", "value": "バージョン確認"},
  {"key": "version_warning", "value": "あなたのFallGuysは対応バージョンではありません。 <b>これはおそらく、{loaderName}が動作しなくなることを意味します。</b>\\n\\n {loaderName} Discordサーバーにアップデートが来ていないか確認し、あればインストールしてください！ アップデートが来ていないかつ {loaderName} が動作しない場合は、更新されるまでお待ち下さい。オフライン版もあります。"},
  {"key": "gui_themes_stat_0", "value": "デバイスに保存済みのテーマ"},
  {"key": "gui_themes_stat_1", "value": "カタログに存在するテーマ"},
  {"key": "gui_author", "value": "制作者"},
  {"key": "gui_unknown", "value": "不明"},
  {"key": "gui_download", "value": "ダウンロード"},
  {"key": "gui_theme2download", "value": "テーマをダウンロード"},
  {"key": "gui_theme2download_url", "value": "ソース"},
  {"key": "gui_theme2download_size", "value": "DLサイズ"},
  {"key": "gui_view_themes_catalogue", "value": "テーマカタログを見る"},
  {"key": "gui_viewing", "value": "視聴"},
  {"key": "gui_web_themes", "value": "テーマカタログ"},
  {"key": "gui_local_themes", "value": "テーマをDL済み"},
  {"key": "msg_outdated_ver_short", "value": "このバージョンは古いようです！最新のもの（{0}）は{loaderName} discordサーバーですでにダウンロードできます！"},
  {"key": "gui_catalogue_theme_info_0", "value": "オンラインテーマカタログにようこそ！"},
  {"key": "gui_catalogue_theme_info_1", "value": "{loaderName} の容量が増加しすぎないように、この形式で製作しました(テーマファイルの容量が大きいため)"},
  {"key": "gui_catalogue_theme_info_2", "value": "- テーマを選択すると、そのテーマに関する情報が表示されます。"},
  {"key": "gui_catalogue_theme_info_3", "value": "- テーマをダウンロードするには、\"ダウンロード\"ボタンを押してください。"},
  {"key": "gui_catalogue_theme_exists", "value": "{0} テーマのフォルダがすでに存在します。再DLする必要がある場合は\"デバイスに保存済みのテーマ\"から削除してください。"},
  {"key": "gui_theme_download_complete_0", "value": "テーマ {0} のダウンロードが完了しました！"},
  {"key": "gui_theme_download_complete_1", "value": "ダウンロードしたテーマで選択できるようになりました。"},
  {"key": "gui_memes", "value": "Мемы😂🤣"},
  {"key": "gui_download_start_title", "value": "ダウンロード開始"},
  {"key": "gui_download_end_title", "value": "ダウンロード終了"},
  {"key": "gui_theme_download_start_info", "value": "テーマ {0} のダウンロードを開始"},
  {"key": "gui_theme_download_end_info", "value": "テーマ {0} のダウンロードを完了"},
  {"key": "gui_search", "value": "検索"},
  {"key": "gui_disable_nav", "value": "ナビゲーションを無効化"},
  {"key": "gui_play_explore", "value": "自由探索 - クリエイティブ"},
  {"key": "gui_fgc_explore_0", "value": "自由探索の総ラウンドプレイ回数"},
  {"key": "gui_fgc_explore_1", "value": "FGAnalyst APIからの自由探索ラウンド取得(cloudseeker.xyz/fga/)"},
  {"key": "gui_cosmetics_search", "value": "コスチュームを検索"},
  {"key": "stats_qual_times", "value": "合計クリア"},
  {"key": "stats_elim_times", "value": "合計脱落"},
  {"key": "stats_win_times", "value": "合計勝利"},
  {"key": "gui_creative_loader_warning", "value": "注意:一部の障害物やゲームモードは想定通りに動作しない場合があります。"},
  {"key": "gui_cosmetics_search_for", "value": "検索:"},
  {"key": "gui_total_found_items", "value": "合計発見アイテム"},
  {"key": "gui_сosmetics_search_nothing", "value": "コスチュームが見つかりませんでした"},
  {"key": "gui_cosmetics_search_err", "value": "検索エラー"},
  {"key": "gui_cosmetics_search_reset", "value": "リセット"},
  {"key": "gui_begin_search", "value": "何かを検索"},
  {"key": "gui_cosmetics_search_live_search", "value": "ライブ検索"},
  {"key": "explore_start_title", "value": "自由探索を始める？"},
  {"key": "explore_start_desc", "value": "これでランダムな探索ラウンドを開始できます！"},
  {"key": "critical_error_title", "value": "クリティカルエラー"},
  {"key": "critical_error_desc", "value": "{loaderName}で重大なエラーが発生しました。ゲームを終了し、BepInExのログをdiscordサーバーに送ってください。"},
  {"key": "gui_localization", "value": "言語"},
  {"key": "gui_localization_act0", "value": "CHANGE LANGUAGE?"},
  {"key": "gui_localization_act1", "value": "本当に言語を変更してよろしいですか？"},
  {"key": "gui_localization_act2", "value": "言語を変更する場合は、メインメニューにいる必要があります"},
  {"key": "gui_localization_author", "value": "この翻訳を作成したのは"},
  {"key": "gui_download_progress_lang", "value": "ローカライズの取得"},
  {"key": "gui_download_progress_def", "value": "{loaderName} の情報を取得中"},
  {"key": "gui_download_progress_themes", "value": "テーマを取得中"},
  {"key": "gui_download_progress_explore", "value": "自由探索ラウンドを取得中"},
  {"key": "gui_download_progress_explore_waiting", "value": "自由探索ラウンドの取得中。FGAnalystの返答を待機してください"},
  {"key": "gui_downloading_title", "value": "少し時間をください"},
  {"key": "gui_downloading_desc", "value": "より安定した動作のために、{loaderName}はインターネットから追加情報を取得する必要があります。少々お待ちください。"},
  {"key": "gui_explore_error_title", "value": "ラウンドが存在しません"},
  {"key": "gui_explore_error_desc", "value": "自由探索ラウンドはロードされていません。少し後に再試行してみてください"},
  {"key": "gui_fgc_placeholder", "value": "レベルの共有コードを入力すると、そのコードに関する情報が表示されます！"},
  {"key": "gui_fgc_not_found", "value": "この共有コードを持つレベルが見つかりません。正しく入力したことを確認して、もう一度試してください。"},
  {"key": "gui_debug_saved_in", "value": "{loaderName} フォルダに保存"},
  {"key": "gui_debug_hide", "value": "{0} で隠す"},
  {"key": "gui_debug_new_report", "value": "バグレポート作成"},
  {"key": "gui_debug_new_report_desc", "value": "これは {loaderName} フォルダにすべての有用な情報を含むレポートを作成します。"},
  {"key": "gui_debug_new_report_success", "value": "バグレポートは {loaderName} フォルダに保存されました。"},
  {"key": "gui_debug_new_report_fail", "value": "バグレポートを作成できませんでした"},
  {"key": "gui_debug_report_folder", "value": "レポートフォルダ"},
  {"key": "gui_themes_catalogue_empty", "value": "空欄カタログ"},
  {"key": "gui_select", "value": "選択"},
  {"key": "gui_catalogue_theme_exists_new", "value": "このテーマのフォルダはすでに存在します。削除されます！"},
  {"key": "gui_theme_download_progress", "value": "テーマ{selectedTheme}をダウンロード中。少し待って"},
  {"key": "gui_complete", "value": "Complete"},
  {"key": "gui_theme_download_error", "value": "テーマがダウンロードできません"},
  {"key": "gui_theme_download_error_0", "value": "このようなことが起こる一般的な理由"},
  {"key": "gui_theme_download_error_1", "value": "- インターネット接続に問題が発生している"},
  {"key": "gui_theme_download_error_2", "value": "- テーマファイルがサーバーから削除された"},
  {"key": "gui_theme_download_error_3", "value": "- テーマファイルのあるサーバーがダウンしている可能性がある"},
  {"key": "gui_theme_download_error_4", "value": "- あなたのPCが爆発するまであとすこし"},
  {"key": "gui_error_we_got", "value": "エラーを取得"},
  {"key": "gui_theme_selected_error", "value": "このテーマはすでに選択されているためダウンロードできません。他のテーマを選択してから再試行してください"},
  {"key": "gui_round_options", "value": "ラウンドルール"},
  {"key": "gui_round_options_pcount", "value": "プレイヤーカウント"},
  {"key": "gui_round_options_pcount_desc", "value": "リングのノロイのような人数によって仕様が変わるラウンドに便利です"},
  {"key": "gui_round_options_timer", "value": "タイマーを有効化する？"},
  {"key": "gui_round_options_timer_limit", "value": "ラウンドの長さ"},
  {"key": "gui_minutes", "value": "分"},
  {"key": "gui_seconds", "value": "秒"},
  {"key": "gui_round_options_seed", "value": "ラウンドシード"},
  {"key": "gui_round_options_seed_desc", "value": "空白または0の場合は、ランダムなシードが選択されます"},
  {"key": "gui_save_apply", "value": "保存 & 適用"},
  {"key": "gui_round_options_hardmode", "value": "ハードモード"},
  {"key": "gui_round_options_timer_limit_desc", "value": "時間が設定されていない場合は、デフォルトのラウンド時間が使用されます。"},
  {"key": "gui_debug_as_zip", "value": "ZIPファイルで作成"},
  {"key": "newsfeed_beta_private_title", "value": "{loaderName} クローズドベータ版へようこそ"},
  {"key": "newsfeed_beta_private_desc", "value": "ここで何をすべきかはもうわかっているはず！"},
  {"key": "gui_up_prompt", "value": "あなたは自由探索でプレイしています。ラウンドを選択するには、メインメニューに進みます。"},
  {"key": "gui_debug_press_again", "value": "もう一度 {0} を押すとデバッグ情報を表示します"},
  {"key": "gui_theme_dir", "value": "テーマディレクトリ"},
  {"key": "gui_theme_del", "value": "テーマを削除"},
  {"key": "gui_theme_delete_title", "value": "テーマ {selectedTheme} を削除しますか？"},
  {"key": "gui_theme_delete_desc", "value": "本当にいいですか？"},
  {"key": "gui_play_explore_unity", "value": "自由探索 - Unity"},
  {"key": "gui_play_explore_endless", "value": "自由探索 - エンドレス"},
  {"key": "gui_explore_endless_title", "value": "自由探索エンドレスとは？"},
  {"key": "gui_explore_endless_desc", "value": "自由探索 - エンドレス は、Unityと自由探索ラウンドをミックスしたものです。50%の確率でUnityか自由探索のラウンドが取得されます。"},
  {"key": "gui_explore_desc_base", "value": "{loaderName} の自由探索はどのように機能するか？\\n- MODなしの自由探索のようにラウンドをスキップできる\\n- 設定でラウンドの種類を絞り込むことができる。\\n- サバイバルラウンドの制限時間は無視されます。\\n- 探検ラウンドの再生を停止するには、一時停止メニューまたは {loaderName} GUI を使用します。"},
  {"key": "gui_explore_unity_title", "value": ""},
  {"key": "gui_explore_unity_desc", "value": ""},
  {"key": "gui_localization_faq_title", "value": "{loaderName} を翻訳するには？"},
  {"key": "gui_localization_faq_desc", "value": "- Localizationフォルダの中に、必要な言語コードで新しいフォルダを作成します（必要に応じて、Assetsのlanguage-codes.csvを参照してください）。\\n- 既存のローカリゼーションフォルダから \"locale.csv\"を複製し、新しいフォルダに配置します。\\n- CSVエディターで \"locale.csv\" を開き、好きなように変更してください。\\n- 完了したら、UTF-8 エンコードで変更を保存します（デフォルトで設定されているはずです）。\\n- ローカライズをゲームで使用するには、コンフィグで \"ローカライズファイル名\" にフォルダ名を指定するか、{loaderName}GUIを使用します。\\n- 設定説明とクレジットを翻訳したい場合は、既存のローカライゼーションから特定のファイル（credits.txtとconfig-descs.txt）をコピーし、ローカライゼーションフォルダに入れてから、同じように翻訳してください。\\n- Discordサーバーの {loaderName} に翻訳を投稿してください。ほとんどの場合、それらは次のアップデートでMODに含まれるでしょう。"},
  {"key": "gui_themes_faq_title", "value": "テーマを製作するには？"},
  {"key": "gui_themes_faq_desc", "value": ""},
  {"key": "gui_themes_catalogue_faq_title", "value": "カタログに自分のテーマを追加するには？"},
  {"key": "gui_themes_catalogue_faq_desc", "value": "Discordサーバーにテーマファイルを送ってください。十分良いものであれば追加されます。"},
  {"key": "gui_btn_got_it", "value": "理解"},
  {"key": "gui_localization_lang_dir", "value": "言語ディレクトリ"},
  {"key": "gui_ugc_show_tab", "value": "カスタムショー"},
  {"key": "gui_ugc_show_about", "value": "カスタムショーとは、 {loaderName} ユーザーが作成したショーのことです。"},
  {"key": "gui_show_no_rounds_title", "value": "プレイするラウンドが見つかりません！"},
  {"key": "gui_show_no_rounds_desc", "value": "ラウンドフィルターとショーラウンドプールを確認してください。"},
  {"key": "failed_desc_new", "value": "何かを間違えた..."},
  {"key": "gui_page", "value": "ページ"},
  {"key": "gui_out_of", "value": "より"},
  {"key": "fgc_temp_request_ban", "value": "フォールガイズのサーバーに頻繁にリクエストを送信している場合、フォールガイズのサーバーがあなたのIPを一時的にブロックする可能性があります。"},
  {"key": "ratelimited_title", "value": "レートリミット！"},
  {"key": "fgc_temp_request_ban_1", "value": "短期間にそんなに多くのリクエストを送ることはできません。言っていることがわかりますか？"},
  {"key": "fgc_temp_request_ban_2", "value": "こんなことをしてもおもしろくないよ"},
  {"key": "fgc_temp_request_ban_3", "value": "後悔することになるぞ..."},
  {"key": "fgc_temp_request_ban_desc", "value": "あなたがBANされないために、次の時間まで新しいリクエストを送信することはできません。"},
  {"key": "gui_random_no_rounds", "value": "ラウンドがロードできませんでした。"},
  {"key": "changelog_limit_new", "value": "まだ {outLines} の変更があります - Discordサーバーで完全な変更履歴を確認できます！"},
  {"key": "gui_download_progress_playlists", "value": "ユーザーが作成したショーの取得中"}
]