[
  {"key": "menuenter_title", "value": "{loaderName} установлен!"},
  {"key": "menuenter_desc", "value": "Вы успешно установили {loaderName}! Интерфейс {loaderName} уже должен быть на вашем экране. Не забывай {loaderName} создается одним человеком, не все будет работать так - как должно, баги тоже же никто не исключал\\nЕсли у тебя есть вопросы или предложения ты можешь перейти на наш дискорд сервер, там так же можно сообщить об ошибках с которыми ты столкнулся. Веселись"},
  {"key": "menuenter_desc_offline", "value": "{loaderName} запущен оффлайн в режиме"},
  {"key": "continue_btn", "value": "Продолжить"},
  {"key": "close_btn", "value": "Закрыть"},
  {"key": "fgc_title", "value": "АККУРАТНЕЙ!"},
  {"key": "fgc_desc", "value": "Похоже в данный момент вы находитесь в креативе. Пожалуйста, загрузите сцену в доп. режиме или выйдите из него и попробуйте снова."},
  {"key": "fgc_ok_btn", "value": "Без проблем"},
  {"key": "config_title", "value": "ОЙ ОЙ"},
  {"key": "config_desc", "value": "Что-то не так со значениями в конфиге! Вы уверены что все правильно, и конфиг обновлен до последней версии?\\n\\nОшибка: {0}\\n\\nЕсли вы не можете исправить эту ошибку самостоятельно удалите конфиг и используйте тот что идёт с модом по умолчанию (он находится в папке {loaderName})"},
  {"key": "failedscene_title", "value": "Невозможно загрузить раунд!"},
  {"key": "failedscene_desc", "value": "Похоже что сцена \"{0}\" которая используется в этом раунде отсутствует в этой версии\\n"},
  {"key": "failedscene_success", "value": "Предыдущий раунд ({0}) будет загружен повторно."},
  {"key": "failedscene_failed", "value": "Вы будете загружены в главное меню."},
  {"key": "img2fgc_title", "value": "ОСТОРОЖНЕЙ!"},
  {"key": "img2fgc_desc", "value": "Прежде чем использовать этот инструмент прочитайте текст ниже!\\n\\nКак использовать\\nВ \"Имя изображения\" введите имя изображения которое находится в папке Images\\nШирина/Высота это размеры вашего изображения в уровне\\nНажмите \"Заменить сущ. уровни\" только после генерации уровня и открытия вкладки \"Загрузить\" в креативе\\nПосле нажатия этой кнопки <b>АБСОЛЮТНО ВСЕ</b> ваши уровни будут заменены на сгенерированный, если вы сохраните сгенерированный уровень оригинальный уровень <b>БУДЕТ ПОТЕРЯН НАВСЕГДА!</b> Выйдите из сгенерированого уровня если вы хотите вернуться к оригинальному уровню\\n\\nВы так же можете редактировать цвета которые генерируются через JSON файл colors.json"},
  {"key": "img2fgc_btn_ok", "value": "Я прочитал этот текст, и знаю свои риски"},
  {"key": "img2fgc_btn_close", "value": "Я не хочу использовать это"},
  {"key": "piracy_title", "value": "ПИРАТСТВО – ЭТО НЕ ВЕСЕЛО"},
  {"key": "piracy_desc", "value": "Пиратить Fall Guys — серъезное преступление которое нарушает закон\\nЗакрйоте игру и удалите её"},
  {"key": "piracy1_title", "value": "Критическая Ошибка"},
  {"key": "piracy1_desc", "value": "Fall Guys столкнулся с критической ошибкой и ваша производительность может быть задета, если вы продолжите играть без перезахода в игру."},
  {"key": "gui_hotkeys", "value": "Горячие клавиши: {0} курсор, {1} интерфейс, {2} интерфейс откладки, свобод. полёт, {3} свободный полет, {4} респавн, {5} чекпоинт, {6} свобод. камера, {7} сбросить позицию чекпоинта"},
  {"key": "gui_show_loader", "value": "Загрузка шоу"},
  {"key": "gui_gen_cms_list", "value": "Создать список шоу"},
  {"key": "gui_print_show_list", "value": "Список шоу"},
  {"key": "gui_play", "value": "Играть"},
  {"key": "gui_random_round", "value": "Случайный раунд"},
  {"key": "gui_menu", "value": "Меню"},
  {"key": "gui_fix_obstacles", "value": "Испр. препятств."},
  {"key": "gui_hotkey_edit", "value": "Горяч. клавиши"},
  {"key": "gui_ui", "value": "Интерфейс"},
  {"key": "gui_toggle_cursor", "value": "Курсор"},
  {"key": "gui_toggle_ui", "value": "Интерфейс"},
  {"key": "gui_toggle_img2fgc", "value": "Интерфейс Img2Fgc"},
  {"key": "gui_toggle_ffm", "value": "Свобод. полёт"},
  {"key": "gui_toggle_media", "value": "Загрузчик медиа"},
  {"key": "gui_gameplay", "value": "Игра"},
  {"key": "gui_respawn", "value": "Респавн"},
  {"key": "gui_checkpoint", "value": "Чекпоинт"},
  {"key": "gui_fc", "value": "Свободная камера"},
  {"key": "gui_toggle_fc", "value": "Вкл свобод. камеру"},
  {"key": "gui_pause_fc", "value": "Пауза свобод. камеры"},
  {"key": "gui_move_up", "value": "Движ. вверх"},
  {"key": "gui_move_down", "value": "Движ. вниз"},
  {"key": "gui_move_forward", "value": "Движ. вперёд"},
  {"key": "gui_exit", "value": "Выйти"},
  {"key": "gui_show_loader_desc", "value": "Это загрузчик шоу. Вы можете играть в раундпуле из любого шоу, пока эта вкладка активна случаные раунды будут выбираться среди тех раундов, которые есть в этом шоу"},
  {"key": "gui_old_list", "value": "Ваш список раундов устарел, обновите его нажав на эту кнопку"},
  {"key": "gui_update_list", "value": "Обновить список"},
  {"key": "gui_print_round_list", "value": "Список раундов"},
  {"key": "gui_gen_round_list", "value": "Создать список раундов"},
  {"key": "gui_cms_loader", "value": "Загрузка раундов"},
  {"key": "gui_edit_hotkeys", "value": "Горяч. клавиши"},
  {"key": "gui_single_load", "value": "Загрузить в одиноч. режиме"},
  {"key": "gui_additive_load", "value": "Загрузить в доп. режиме"},
  {"key": "gui_input_wait_1", "value": "Нажмите любую клавишу..."},
  {"key": "gui_input_wait_2", "value": "Нажмите [ESC] для Отмены"},
  {"key": "gui_img2fgc", "value": "Изображение в FGC"},
  {"key": "gui_img2fgc_img_name", "value": "Имя изобр."},
  {"key": "gui_folder", "value": "Папка"},
  {"key": "gui_img2fgc_wh", "value": "Шир/Выс"},
  {"key": "gui_img2fgc_should_del_black", "value": "Удалить черные пиксели?"},
  {"key": "gui_img2fgc_should_del_white", "value": "Удалить белые пиксели?"},
  {"key": "gui_img2fgc_digital", "value": "Ретро тема?"},
  {"key": "gui_img2fgc_gen_level", "value": "Создать уровень"},
  {"key": "gui_img2fgc_replace", "value": "Заменить сущ. уровни"},
  {"key": "gui_img2fgc_credits", "value": "Img2Fgc был сделан @repinek840 в твиттере :3"},
  {"key": "request_error_2", "value": "СОХРАНЕНО, НО..."},
  {"key": "request_error_save_config_2", "value": "Вы надели косметику которой у вас нет, просто помните: после перезахода в игру эта косметика будет сброшена. На данный момент все в вашем лобби могут видеть эту косметику, вы так же можете загрузить любой раунд, ваша косметика будет сохранена"},
  {"key": "gui_save_into_config", "value": "Сохранить в конфиг"},
  {"key": "gui_rotate_speed", "value": "Скорость вращения"},
  {"key": "gui_move_down_speed", "value": "Скорость Вниз"},
  {"key": "gui_move_up_speed", "value": "Скорость Вверх"},
  {"key": "gui_move_speed", "value": "Скорость движения"},
  {"key": "gui_ffm_settings", "value": "Настройки свободного полета"},
  {"key": "gui_ffm_hotkeys", "value": "{0} двигаться вверх, {1} двигаться вниз, {2} двигаться вперёд"},
  {"key": "gui_media_load", "value": "Загрузить"},
  {"key": "gui_img_loader", "value": "Загрузка Картинок"},
  {"key": "gui_fc_settings", "value": "Настройки свобод. камеры"},
  {"key": "gui_zoom_speed", "value": "Скорость приближ."},
  {"key": "gui_sensivity", "value": "Чувствительность"},
  {"key": "gui_stats", "value": "Статистика"},
  {"key": "gui_fc_pos", "value": "Позиция"},
  {"key": "gui_fov", "value": "Поле зрения"},
  {"key": "gui_fc_hotkeys", "value": "{0} для выхода, {1} для паузы, Колесо прокрутки для приближения, {2} двигаться вверх, {3} двигаться вниз, {4} скрыть интерфейс"},
  {"key": "gui_near_fg", "value": "Рядом с Бобом"},
  {"key": "gui_follow_fg_pos", "value": "Позиция Боба"},
  {"key": "gui_destroy_all", "value": "Уничтожить все"},
  {"key": "confirm_title", "value": "ВЫ УВЕРЕНЫ?"},
  {"key": "confirm_desc", "value": "Вы уверены что хотите совершить это действие?"},
  {"key": "failed_title", "value": "ОШИБКА"},
  {"key": "failed_desc", "value": "При выполнении этого действия произошла ошибка\\nОшибка:\\n{0}"},
  {"key": "gui_as_cube", "value": "Куб"},
  {"key": "gui_url_load", "value": "Через URL"},
  {"key": "gui_run_qual", "value": "Прошел!"},
  {"key": "gui_run_resetmsg", "value": "Зажми {0} на {1}сек чтобы начать заново!"},
  {"key": "spqual_title", "value": "Вы Прошли!"},
  {"key": "spqual_desc", "value": "Хотите сохранить время забега на этом уровне? Оно будет сохранено как лучшее время на этом уровне."},
  {"key": "spqual_desc2", "value": "Прошлый забег: {0} | Текущий забег: {1}"},
  {"key": "gui_best_time", "value": "Лучшее время"},
  {"key": "gui_run_elim", "value": "Выбыл!"},
  {"key": "gui_run_win", "value": "Победил!"},
  {"key": "gui_run_info", "value": "Текущий забег"},
  {"key": "gui_fc_pause", "value": "ПАУЗА"},
  {"key": "gui_reset_run", "value": "Сбросить Забег"},
  {"key": "spqual_title2", "value": "ПРОДОЛЖИТЬ?"},
  {"key": "spqual_desc3", "value": "Хотите попробовать пройти этот уровень еще раз?"},
  {"key": "gui_vid_loader", "value": "Загрузка видео"},
  {"key": "gui_discord_btn", "value": "Дискорд сервер"},
  {"key": "load_ugc", "value": "Это творческий уровень - его нельзя загрузить в данный момент\\nВы можете использовать этот код {0} чтобы найти этот уровень"},
  {"key": "null_secene", "value": "Этот уровень не содержит достаточное кол-во информации о сцене!"},
  {"key": "unable_to_find_round", "value": "Неудалось найти уровень «{0}»"},
  {"key": "unable_to_find_path", "value": "Невозможно найти файл по этому пути"},
  {"key": "gui_options", "value": "Настройки"},
  {"key": "gui_wait", "value": "Подождите..."},
  {"key": "gui_open_config", "value": "Открыть конфиг"},
  {"key": "gui_basic_o", "value": "Базовые утилиты"},
  {"key": "gui_gp_o", "value": "Игровой процесс"},
  {"key": "gui_round_loading", "value": "Загружается раунд"},
  {"key": "gui_round_intro", "value": "Интро в процессе"},
  {"key": "gui_hotkeys_gp", "value": "Игра: {0} свобод. полет, {1} респавн, {2} чекпоинт, {3} свобод. камера"},
  {"key": "gui_hotkeys_ui", "value": "Интерфейс: {0} курсор, {1} интерфейс, {2} интерфейс img2fgc, {3} загрузчик медиа"},
  {"key": "unable_to_load_img", "value": "Невозможно загрузить изображение из-за ошибки:"},
  {"key": "unable_to_spawn", "value": "Неудалось завершить спавн :("},
  {"key": "unable_to_find_show", "value": "Неудалось найти шоу «{0}»"},
  {"key": "intro_skip_msg", "value": "Зажми {0} на {1}сек чтобы пропустить интро"},
  {"key": "revert_changes", "value": "ОТМЕНИТЬ ИЗМЕНЕНИЯ"},
  {"key": "dropdown_placeholder", "value": "Выбери что-то..."},
  {"key": "inputfield_placeholder", "value": "Напиши что-то..."},
  {"key": "gui_edit_config_title", "value": "Редакт. конфиг"},
  {"key": "gui_media_tools_title", "value": "Медиа утилиты"},
  {"key": "in_development", "value": "В разработке! Заглядывай позднее"},
  {"key": "gui_search_round", "value": "Искать раунд по имени..."},
  {"key": "gui_search_show", "value": "Искать шоу по имени..."},
  {"key": "gui_show_image", "value": "Посмотреть иконку шоу"},
  {"key": "gui_desc", "value": "Описание:"},
  {"key": "gui_total_rounds", "value": "Всего раундов в списке"},
  {"key": "gui_total_ids", "value": "Всего айди в списке"},
  {"key": "gui_selected_show", "value": "Выбранное шоу"},
  {"key": "gui_loaded_show", "value": "Загруженное шоу"},
  {"key": "gui_possible_show_rounds", "value": "Доступные раунды"},
  {"key": "gui_open_fgdb", "value": "Посмотреть на FGDB"},
  {"key": "gui_config_about", "value": "На этой странице можно выполнять базовые действия с конфигом."},
  {"key": "gui_config_about_0", "value": "- Обновить конфиг - обновляет информацию о каждой настройке конфига, обычно вызывается каждый раз когда загружается сцена"},
  {"key": "gui_config_about_1", "value": "- Обновить информацию в GUI - обновляет информацию в выпадающих списках и списках, стоит вызывать это после изменения языка в игре чтобы избежать проблем"},
  {"key": "gui_config_about_2", "value": "- Открыть конфиг - не уверен для чего это..."},
  {"key": "gui_config_about_3", "value": "На данный момент это все, однажды здесь будет очень крутое меню через которое вы сможете редактировать все настройки конфига..."},
  {"key": "gui_credits", "value": "Авторы"},
  {"key": "gui_refresh_config", "value": "Обновить конфиг"},
  {"key": "gui_refresh_gui", "value": "Обновить информацию в GUI"},
  {"key": "gui_img2fgc_tab", "value": "IMG2FGC"},
  {"key": "gui_rl_advenced", "value": "Продвинутый режим"},
  {"key": "gui_rl_a_inputholder", "value": "Введи CMS ID раунда... (например round_door_dash)"},
  {"key": "gui_rl_desc", "value": "Это загрузчик раундов. Ты можешь играть в любой раунд на любой вариации, веселись"},
  {"key": "gui_rla_desc", "value": "Это продвинутый загрузчик раундов. Он работает так же как и загрузчик раундов до V1.3.0, нужно ввести ID раунда из CMS чтобы загрузить его"},
  {"key": "gui_img2fgc_desc", "value": "img2fgc это утилита которая позволяет конвертировать любое изображение в творческий уровень. Если высота и ширина будет слишком большой это преведет к невозможности сохранить уровень <b>большие изображения так же могут значительно снизить ваш FPS!</b>"},
  {"key": "img2fgc_uhh", "value": "Для начала стоит сгенерировать уровень!"},
  {"key": "gui_config_about_4", "value": "- Очистить События - очистить все события которые уже произошли (например всплывающее окно при входе в меню)"},
  {"key": "gui_clear_evt", "value": "Очистить События"},
  {"key": "preset_holder", "value": "Имя вашего пресета"},
  {"key": "newpreset_title", "value": "СОЗДАТЬ НОВЫЙ ПРЕСЕТ"},
  {"key": "newpreset_desc", "value": "- Пресеты косметики позволяют легко и быстро переключатся между косметикой\\n- Пресеты косметики поддерживают косметику которая была добавлена через \"add all cosmetics\"\\n- Переключатся между пресетами можно даже в игре\\n\\nФайлы пресетов находятся в папке \"Presets"},
  {"key": "gui_presets", "value": "Пресеты"},
  {"key": "gui_presets_title", "value": "Пресеты косметики"},
  {"key": "gui_preset_delete_act", "value": "Удалить пресет с именем \"{0}\"\\nФайл пресета невозможно восстановить после удаления."},
  {"key": "gui_del_videos_act", "value": "Удалить все Видео с сцены"},
  {"key": "gui_del_images_act", "value": "Удалить все Картинки с сцены"},
  {"key": "gui_delete_preset", "value": "Удалить пресет"},
  {"key": "gui_use_preset", "value": "Использовать пресет"},
  {"key": "gui_presets_desc", "value": "Пресеты косметики позволяют легко переключатся между косметикой. Нажми кнопку \"Новый пресет\" чтобы создать пресет с текущей косметикой"},
  {"key": "gui_default_load", "value": "Чего ты ожидал? Для начала выбери что-то."},
  {"key": "gui_new_preset", "value": "Новый пресет"},
  {"key": "gui_rl_block", "value": "Загрузка раундов заблокирована! Дождитесь завершения спавна или попробуйте снова"},
  {"key": "gui_error_msg", "value": "Сообщите об этой ошибке в дискорд сервере {loaderName} и опишите как вы её получили, на данный момент"},
  {"key": "gui_fix_obstacles_error", "value": "Невозможно исправить некоторые препятствия из-за ошибки:"},
  {"key": "gui_error_0", "value": "вы можете продолжить играть"},
  {"key": "gui_error_1", "value": "вы будете возвращены в меню"},
  {"key": "gui_cancel_loading", "value": "Отменить загрузку, и вернуться в меню"},
  {"key": "fgt_eac_error", "value": "EAC отключен пока вы играете с модами! Чтобы играть онлайн вам нужно удалить BepInEx (просто переместите winhttp.dll из папки с игрой куда-то еще) и проверить игровые файлы в лаунчере, для того, чтобы восстановить античит."},
  {"key": "gui_del_list", "value": "Удалить существующий список раундов"},
  {"key": "offline_log_title", "value": "ПОХОЖЕ ВЫ ОФФЛАЙН"},
  {"key": "offline_log_desc", "value": "Хотите включить оффлайн режим чтобы иметь возможность использовать {loaderName} без интренета? Все онлайн функции будут отключены пока вы не выключите оффлайн режим"},
  {"key": "online_log_title", "value": "ПОХОЖЕ ВЫ ОНЛАЙН"},
  {"key": "online_log_desc", "value": "Однако оффлайн режим все еще включен, хотите отключить его чтобы включить онлайн функции?"},
  {"key": "cmsload_failed", "value": "Невозможно начать загрузку раунда из-за ошибки"},
  {"key": "sp_qual_disabled_title", "value": "ЭЙ"},
  {"key": "sp_qual_disabled_desc", "value": "Похоже вы отключили квалификацию в раундах, это означает что вы не сможете закончить спидран. Хотите включить квалификацию в раундах?"},
  {"key": "gui_error_2", "value": "ваша игра будет закрыта"},
  {"key": "gui_pizzatowerreference", "value": "Круг"},
  {"key": "gui_found_results", "value": "Всего найдено раундов"},
  {"key": "gui_preset_color", "value": "Цвет"},
  {"key": "gui_preset_pattern", "value": "Рисунок"},
  {"key": "gui_preset_upper", "value": "Верх"},
  {"key": "gui_preset_bottom", "value": "Низ"},
  {"key": "gui_preset_full", "value": "Полный костюм"},
  {"key": "gui_preset_faceplate", "value": "Лицо"},
  {"key": "gui_preset_win_anim", "value": "Анимация победы"},
  {"key": "gui_preset_nickname", "value": "Никнейм"},
  {"key": "gui_preset_nameplate", "value": "Табличка для имени"},
  {"key": "gui_preset_emotes", "value": "Эмоция"},
  {"key": "gui_preset_info", "value": "Информация о пресете"},
  {"key": "gui_restart_title", "value": "ТРЕБУЕТСЯ ПЕРЕЗАПУСК"},
  {"key": "gui_restart_desc", "value": "Чтобы изменения вступили в силу требуется перезайти в игру, сделать это сейчас?"},
  {"key": "gui_reload_title", "value": "ТРЕБУЕТСЯ ПЕРЕЗАГРУЗКА СЦЕНЫ"},
  {"key": "gui_reload_desc", "value": "Чтобы изменения вступили в силу требуется загрузить сцену повторно, сделать это сейчас?"},
  {"key": "gui_unable_get_name", "value": "Невозможно получить имя"},
  {"key": "old_fgtools_title", "value": "ЭЙ"},
  {"key": "old_fgtools_desc", "value": "Похоже что у вас установлена старая версия {loaderName}, удалите её перед использованием текущей. После нажатия на \"ОК\" этом окне будет открыта папка с плагинами, удалите папку с названием \"FallGuysTools\" и запустите игру снова."},
  {"key": "gui_move_team", "value": "Изменить Команду"},
  {"key": "speedrunneralert_title", "value": "ДОРОГОЙ СПИДРАНЕР!"},
  {"key": "speedrunneralert_desc", "value": "Ты играешь в {0} слишком долго. Может стоит сделать небольшой перерыв и потрогать чуть-чуть травы?\\n\\nНе переживай, это окно больше не появится."},
  {"key": "speedrunneralert_cancel", "value": "Нет, спасибо"},
  {"key": "speedrunneralert_accept", "value": "Да, ты прав"},
  {"key": "gui_speedrunner_popup_alert", "value": "Через минуту что-то произойдет..."},
  {"key": "gui_speedrunner_popup_alert_1", "value": "Убедись что ты не будешь занят спидраном"},
  {"key": "disabledsetting_title", "value": "Некоторые настройки конфига были изменены!"},
  {"key": "disabledsetting_desc", "value": "Следующие настройки: {0} были отключены, или изменены на значение по умолчанию для этого раунда."},
  {"key": "msg_tip", "value": "СОВЕТ"},
  {"key": "msg_tip_ffm", "value": "Ты можешь редактировать скорость передвижения в конфиге"},
  {"key": "msg_tip_fc", "value": "Используй WASD для движения и мышь для вращения!\\nТы так же можешь ПРИБЛИЖАТЬ используя колесо прокрутки и ставить камеру на ПАУЗУ по нажатию на {0}\\n\\nНажми {1} для редактирования настроек"},
  {"key": "msg_outdated_ver_title", "value": "ВЕРСИЯ УСТАРЕЛА!"},
  {"key": "msg_outdated_ver", "value": "Похоже, эта версия устарела!\\nНовая версия ({0}) уже доступна для скачивания в дискорд сервере {loaderName}!\\nТы можешь продолжить использовать текущую версию, но рекомендуется ее обновить"},
  {"key": "msg_old_spc_possible", "value": "Полную перезагрузку сцены можно вернуть в конфиге"},
  {"key": "changelog_for", "value": "Список изменений для версии"},
  {"key": "changelog_limit", "value": "...И еще {0} других изменений... - Посмотрите полный список изменений в дискорд сервере!"},
  {"key": "changelog_title", "value": "СПИСОК ИЗМЕНЕНИЙ"},
  {"key": "cgm_error", "value": "При создании игрового менеджера произошла ошибка"},
  {"key": "debug_msg", "value": "Используй эту информацию при сообщении об ошибках"},
  {"key": "debug_title", "value": "ОТКЛАДКА"},
  {"key": "fgc_length", "value": "Длина ключа раунда должна быть 14 символов. Но мы получили"},
  {"key": "fgc_error", "value": "Произошла ошибка при подготовке раунда к загрузке"},
  {"key": "fgc_missing", "value": "Вероятно раунда не существует."},
  {"key": "fgc_missing_template", "value": "Невозможно найти шаблон для этого раунда."},
  {"key": "gui_error_3", "value": "вы останетесь в меню"},
  {"key": "gui_creative_loader", "value": "Творческие Раунды (BETA)"},
  {"key": "gui_creative_loader_desc", "value": "Здесь можно загрузить карту творческого режима. Чтобы сделать это введите код карты"},
  {"key": "code_input_holder", "value": "Код раунда (например 0000-0000-0000)"},
  {"key": "gui_unity_loader", "value": "Юнити Раунды"},
  {"key": "fgc_level_inf", "value": "ИНФОРМАЦИЯ ОБ УРОВНЕ"},
  {"key": "fgc_level_name", "value": "Имя"},
  {"key": "fgc_level_desc", "value": "Описание"},
  {"key": "fgc_level_gamemode", "value": "Режим"},
  {"key": "fgc_level_author", "value": "Создан"},
  {"key": "fgc_level_ver", "value": "Версия"},
  {"key": "fgc_level_likes", "value": "Лайки"},
  {"key": "fgc_level_pc", "value": "Сыграли раз"},
  {"key": "fgc_level_maxp", "value": "Макс. Игроков"},
  {"key": "fgc_level_qp", "value": "Процент прохождения"},
  {"key": "fgc_level_timel", "value": "Лимит по времени"},
  {"key": "fgc_level_platform", "value": "Создан на"},
  {"key": "fgc_level_tags", "value": "Теги"},
  {"key": "fgc_level_utags", "value": "Пользовательские теги"},
  {"key": "fgc_level_muz", "value": "Музыкальное событие"},
  {"key": "fgc_level_load", "value": "Получение информации..."},
  {"key": "fgc_level_extra", "value": "ДОПОЛНИТЕЛЬНАЯ ИНФОРМАЦИЯ"},
  {"key": "fgc_level_theme", "value": "Тема"},
  {"key": "fgc_level_compstat", "value": "Пройден"},
  {"key": "fgc_level_sp", "value": "Процент выживания"},
  {"key": "gui_yes", "value": "Да"},
  {"key": "gui_no", "value": "Нет"},
  {"key": "fgc_level_nodto", "value": "LevelInfoDto не найден."},
  {"key": "fgt_tooltip_01", "value": "Ты можешь пропустить интро зажав {0}"},
  {"key": "fgt_tooltip_02", "value": "Ты можешь добавить всю косметику которая существует в игре к себе в инвентарь включив \"Add All Cosmetics\" в конфиге!"},
  {"key": "fgt_tooltip_03", "value": "Нажми {0} чтобы показать/скрыть интерфейс {loaderName}"},
  {"key": "fgt_tooltip_04", "value": "Если у тебя есть вопросы не стесняйся спрашивать их на дискорд сервере {loaderName}!"},
  {"key": "fgt_tooltip_05", "value": "Ты можешь установить собственный лимит по времени в конфиге!"},
  {"key": "fgt_tooltip_06", "value": "Ты можешь отключить прохождение раундов в конфиге!"},
  {"key": "fgt_tooltip_07", "value": "Забавный факт: Вместо того чтобы спидранить что-то в этой игре, можно потрогать чуть-чуть травы!"},
  {"key": "fgt_tooltip_08", "value": "Ты можешь отключить или изменить поверап в конфиге!"},
  {"key": "fgt_tooltip_09", "value": "Хочешь играть в Fall Guys полностью оффлайн? Включи оффлайн режим в конфиге!"},
  {"key": "fgt_tooltip_10", "value": "Хочешь вернуть физику которая была до обновления падаем и падаем? Включи \"Old Physics\" в конфиге!"},
  {"key": "unable_to_load_scene", "value": "Невозможно загрузить сцену"},
  {"key": "unable_to_load_scene_01", "value": "Похоже эта сцена была удалена из файлов игры."},
  {"key": "unable_to_load_scene_02", "value": "Предыдущий раунд"},
  {"key": "unable_to_load_scene_03", "value": "будет загружен повторно"},
  {"key": "no_changelog_get", "value": "Невозможно получить список изменений."},
  {"key": "fgt_tooltip_11", "value": "It's been 3 days without {loaderName}. I feel like I'm gonna vomit and kill myself. I wanted to play {loaderName} after the new update, but it sadly didn't work. I'm probably in my worst state right now. The new update is terrible and I don't have anything to play. I think it's good to say goodbye. I'm killing myself. {loaderName} is life, {loaderName} is like my best friend. I don't touch grass so {loaderName} is my one and only hope there is right now, but it doesn't work sadly. I need mental help seriously."},
  {"key": "userchange_title", "value": "ВЫБЕРИ НИКНЕЙМ"},
  {"key": "userchange_desc", "value": "Так как игра запущена в оффлайн режиме, у тебя нет никнейма. Выбери его или используй вариант по умолчанию. Не забывай, ты всегда можешь изменить его в конфиге."},
  {"key": "userchange_holder", "value": "OfflineGuy"},
  {"key": "gui_toggle", "value": "Переключить"},
  {"key": "gui_save", "value": "Сохранить"},
  {"key": "gui_variant_lastsave", "value": "Последнее Сохранение"},
  {"key": "gui_variant_toggleall", "value": "Переключить всё"},
  {"key": "gui_variant_title", "value": "НАСТРОЙКИ ВАРИАЦИЙ"},
  {"key": "gui_ingame_only_ui", "value": "ИГРОВЫЕ НАСТРОЙКИ"},
  {"key": "gui_ingame_tab", "value": "Настройки Игрового Процесса"},
  {"key": "rpc_fgc_alert_title", "value": "Прежде чем ты начнёшь..."},
  {"key": "rpc_fgc_alert_desc", "value": "Поскольку я добавил Discord RPC в {loaderName} тебе стоит знать что некоторая информация редактора теперь отображается в твоем статусе в Discord (состояние в редакторе, имя уровня, режим уровня, тема уровня...). Если ты не имеешь ничего против нажми \"ОК\" в этом окне и веселись. Если имеешь, тебе стоит открыть конфиг и отключить Discord RPC.\\n\\nЭто окно больше не появится."},
  {"key": "gui_handle_random_cosmetics", "value": "Случайная Косметика"},
  {"key": "gui_handle_default_cosmetics", "value": "Сбросить Случайную Косметику"},
  {"key": "gui_attempt", "value": "Попытка"},
  {"key": "gui_warning", "value": "ПРЕДУПРЕЖДЕНИЕ"},
  {"key": "discordsdk_missing_desc", "value": "Отсутствует Discord Game Sdk. Discord Game Sdk нужен чтобы заставить discord RPC работать. На данный момент discord RPC был отключен, чтобы исправить это переместите discord_game_sdk.dll в папку {loaderName} или попросите о помощи в дискорд сервере {loaderName}"},
  {"key": "gui_default", "value": "По умолч."},
  {"key": "gui_misc", "value": "Прочее"},
  {"key": "themes_selector_title", "value": "Выбор темы в меню"},
  {"key": "statistics_title", "value": "Ваша статистика в {loaderName}"},
  {"key": "theme_restart_title", "value": "ТРЕБУЕТСЯ ПЕРЕЗАПУСК"},
  {"key": "theme_restart_desc", "value": "Чтобы вернуться на тему по умолчанию требуется перезапустить игру, сделать это сейчас?"},
  {"key": "stat_time_in_game", "value": "Всего времени в игре"},
  {"key": "stat_total_rounds", "value": "Всего раундов загружено"},
  {"key": "gui_delete_stats", "value": "Сбросить статистику"},
  {"key": "stat_launch_times", "value": "Игровые сессии"},
  {"key": "stat_sp_att_total", "value": "Всего попыток в режиме спидранов"},
  {"key": "stat_time_inmenu", "value": "Времени в меню"},
  {"key": "gui_unavailable", "value": "Недоступно"},
  {"key": "theme_selector_not_in_menu", "value": "Чтобы изменить тему вы должны быть в главном меню"},
  {"key": "stats_del_title", "value": "ВЫ УВЕРЕНЫ?"},
  {"key": "stats_del_desc", "value": "Вы действительно хотите сбросить всю свою статистику? Это действие нельзя отменить!"},
  {"key": "theme_change_title", "value": "ИЗМЕНИТЬ ТЕМУ?"},
  {"key": "theme_change_desc", "value": "Хотите изменить тему?"},
  {"key": "gui_open_rhistory", "value": "Открыть историю раундов"},
  {"key": "gui_close_rhistory", "value": "Закрыть историю раундов"},
  {"key": "gui_nothing2see", "value": "Пока ничего нет..."},
  {"key": "gui_save_stats", "value": "Сохранить статистику"},
  {"key": "gui_stats_info_01", "value": "- Статистика сохраняется каждый раз когда Вы выходите из игры а так же автоматически каждые 5 минут"},
  {"key": "gui_result", "value": "Результат"},
  {"key": "stats_result_leave", "value": "Вышел"},
  {"key": "stats_result_new", "value": "Новый раунд"},
  {"key": "round_length", "value": "Продолжительность раунда"},
  {"key": "stats_total_time_fgc", "value": "Всего времени в творческом режиме"},
  {"key": "gui_stats_info_02", "value": "- Статистика отслеживается только при игре с {loaderName}"},
  {"key": "stats_collectables_collected", "value": "Предметов коллекционирования собранно"},
  {"key": "stats_powerup_uses", "value": "Использований поверапов"},
  {"key": "gui_stats_info_03", "value": "- Статистика хранится локально на вашем устройстве"},
  {"key": "stats_save_time_remain", "value": "Времени до автоматического сохранения"},
  {"key": "gui_date", "value": "Дата"},
  {"key": "gui_force_reset", "value": "ПРИНУДИТЕЛЬНЫЙ СБРОС"},
  {"key": "force_reset_desc", "value": "Это сбросит состояние {loaderName} до состояние по умолчанию, используйте это если вы софтлокнулись или столкнулись с какими-то проблемами. <b>ЭТО ДЕЙСТВИЕ ВЫБРОСИТ ВАС В ГЛАВНОЕ МЕНЮ, ЕСЛИ ВЫ В ТВОРЧЕСКОМ РЕЖИМЕ ВЕСЬ ВАШ ПРОГРЕСС БУДЕТ ПОТЕРЯН!!</b>"},
  {"key": "fgt_tooltip_12", "value": "Господи Стентрик, Спидранер Божий, моля Те с кувшя и смирение, чуй молбата ми за радост и забавление в моменти на отдих. Помогни на създателите на играта FGStoola да върнат игрите с 360 дивами, както и мудьтиплеер играти, които толкова много радваха сърцата ни. ФлоузЛ!"},
  {"key": "gui_flzru_img", "value": "Смешное изображение"},
  {"key": "gui_deleted_rounds", "value": "Удалены"},
  {"key": "gui_deleted_rounds_desc", "value": "*серый цвет в имени раунда означает что раунд был удален из файлов игры!"},
  {"key": "gui_imgloader_desc", "value": "Это загрузчик изображений, Вы можете загружать изображения по ссылке или изображения которые хранятся локально на вашем устройстве"},
  {"key": "gui_imgloader_desc_01", "value": "Чтобы загрузить изображение кторое хранится на вашем устройстве переместите его в папку в введите имя файла в поле ввода"},
  {"key": "gui_imgloader_desc_02", "value": "Чтобы загрузить изображение по ссылке включите режим \"Через URL\" и введите ссылку на изображение в поле ввода (например https://example.com/example.png/)"},
  {"key": "gui_fgc_hex", "value": "Свой Hex цвет"},
  {"key": "gui_fgc_hex_set", "value": "Установить"},
  {"key": "gui_fgc_hex_preview", "value": "Предпросмотр"},
  {"key": "gui_fgc_hex_title", "value": "Свой цвет объекта"},
  {"key": "gui_fgc_hex_fgc", "value": "Hex цвет игры"},
  {"key": "gui_fgc_autosave_in", "value": "Авто-сохранение уровня через"},
  {"key": "version_warning_title", "value": "ПРОВЕРКА ВЕРСИИ"},
  {"key": "version_warning", "value": "Ваш Fall Guys был обновлен. <b>Вероятно это означает что {loaderName} больше не будет работать</b>\\n\\nПожалуйста, проверьте обновления в дискорд сервере {loaderName} и установите их, если таковые имеются! Если обновлений нет, и {loaderName} больше не работает дождитесь обновления"},
  {"key": "gui_themes_stat_0", "value": "Темы на устройстве"},
  {"key": "gui_themes_stat_1", "value": "Темы в каталоге"},
  {"key": "gui_author", "value": "Автор"},
  {"key": "gui_unknown", "value": "Неизвестен"},
  {"key": "gui_download", "value": "Скачать"},
  {"key": "gui_theme2download", "value": "Тема для скачивания"},
  {"key": "gui_theme2download_url", "value": "Источник"},
  {"key": "gui_theme2download_size", "value": "Размер файла"},
  {"key": "gui_view_themes_catalogue", "value": "Посмотреть каталог тем"},
  {"key": "gui_viewing", "value": "Смотрим"},
  {"key": "gui_web_themes", "value": "Каталог тем"},
  {"key": "gui_local_themes", "value": "Темы на устройстве"},
  {"key": "msg_outdated_ver_short", "value": "Похоже, эта версия устарела!\\nНовая версия ({0}) уже доступна для скачивания в дискорд сервере {loaderName}!"},
  {"key": "gui_catalogue_theme_info_0", "value": "Добро пожаловать в каталог онлайн тем"},
  {"key": "gui_catalogue_theme_info_1", "value": "Мне пришлось его сделать чтобы предотвратить большие размеры обновлений {loaderName} (потому что темы весят довольно много)"},
  {"key": "gui_catalogue_theme_info_2", "value": "- После выбора темы Вы увидите информацию о ней"},
  {"key": "gui_catalogue_theme_info_3", "value": "- Чтобы загрузить тему нажми на кнопку \"Скачать"},
  {"key": "gui_catalogue_theme_exists", "value": "Папка для темы {0} уже существует. Пожалуйста, удалите её"},
  {"key": "gui_theme_download_complete_0", "value": "Скачивание темы {0} завершено!"},
  {"key": "gui_theme_download_complete_1", "value": "Теперь её можно выбрать в списке скачанных тем"},
  {"key": "gui_memes", "value": "Мемы😂🤣"},
  {"key": "gui_download_start_title", "value": "НАЧАЛО ЗАГРУЗКИ"},
  {"key": "gui_download_end_title", "value": "ОКОНЧАНИЕ ЗАГРУЗКИ"},
  {"key": "gui_theme_download_start_info", "value": "Тема {0} загружается..."},
  {"key": "gui_theme_download_end_info", "value": "Тема {0} была загружена..."},
  {"key": "gui_search", "value": "Поиск"},
  {"key": "gui_disable_nav", "value": "Отключить Навигацию"},
  {"key": "gui_play_explore", "value": "Играть в Исследование"},
  {"key": "gui_fgc_explore_0", "value": "Всего раундов в Исследовании"},
  {"key": "gui_fgc_explore_1", "value": "Получение раундов исследования происходит через API FGAnalyst (cloudseeker.xyz/fga/)"},
  {"key": "gui_cosmetics_search", "value": "Искать косметику"},
  {"key": "stats_qual_times", "value": "Всего раз прошел"},
  {"key": "stats_elim_times", "value": "Всего раз выбыл"},
  {"key": "stats_win_times", "value": "Всего раз победил"},
  {"key": "gui_creative_loader_warning", "value": "ПРЕМИЧАНИЕ: Некоторые препятствия не работают."},
  {"key": "gui_cosmetics_search_for", "value": "Ищем"},
  {"key": "gui_total_found_items", "value": "Предметов найдено"},
  {"key": "gui_сosmetics_search_nothing", "value": "Косметика не найдена"},
  {"key": "gui_cosmetics_search_err", "value": "Ошибка поиска"},
  {"key": "gui_cosmetics_search_reset", "value": "Сбросить"},
  {"key": "gui_begin_search", "value": "Найди что-то"},
  {"key": "gui_cosmetics_search_live_search", "value": "Живой поиск"},
  {"key": "explore_start_title", "value": "НАЧАТЬ ИССЛЕДОВАНИЕ?"},
  {"key": "explore_start_desc", "value": "Это загрузит тебя в случайный раунд исследования!"},
  {"key": "critical_error_title", "value": "КРИТИЧЕСКАЯ ОШИБКА"},
  {"key": "critical_error_desc", "value": "{loaderName} столкнулся с критической ошибкой. Пожалуйста, выйдите из игры и отправьте логи BepInEx в дискорд сервер"},
  {"key": "gui_localization", "value": "Язык"},
  {"key": "gui_localization_act0", "value": "ИЗМЕНИТЬ ЯЗЫК?"},
  {"key": "gui_localization_act1", "value": "Вы уверены?"},
  {"key": "gui_localization_act2", "value": "Чтобы изменить язык нужно находится в главном меню"},
  {"key": "gui_localization_author", "value": "Этот перевод был выполнен"},
  {"key": "gui_download_progress_lang", "value": "Получаем локализацию"},
  {"key": "gui_download_progress_def", "value": "Получаем базовую информацию {loaderName}"},
  {"key": "gui_download_progress_themes", "value": "Получаем темы"},
  {"key": "gui_download_progress_explore", "value": "Получаем раунды исследования"},
  {"key": "gui_download_progress_explore_waiting", "value": "Подготовка к получению раундов исследования. Ожидание ответа FGAnalyst"},
  {"key": "gui_downloading_title", "value": "ОДНУ МИНУТКУ"},
  {"key": "gui_downloading_desc", "value": "Для более стабильной работы {loaderName} нужно получить некоторые файлы из интернета. Подождите немного, это не займет много времени"},
  {"key": "gui_explore_error_title", "value": "РАУНДОВ ПОКА НЕТ"},
  {"key": "gui_explore_error_desc", "value": "Раунды исследования не загружены, попробуйте позже"},
  {"key": "gui_fgc_placeholder", "value": "Введи код уровня чтобы увидеть информацию о нем"},
  {"key": "gui_fgc_not_found", "value": "Невозможно найти уровень по этому коду, убедитесь что код введен корректно и попробуйте еще раз"},
  {"key": "gui_debug_saved_in", "value": "Сохранено в папке {loaderName}"},
  {"key": "gui_debug_hide", "value": "{0} - скрыть"},
  {"key": "gui_debug_new_report", "value": "Новый отчёт об ошибке"},
  {"key": "gui_debug_new_report_desc", "value": "Это создаст отчёт об ошибке в папке {loaderName}"},
  {"key": "gui_debug_new_report_success", "value": "Отчёт об ошибке сохранен в папке {loaderName}"},
  {"key": "gui_debug_new_report_fail", "value": "Невозможно создать отчёт об ошибке"},
  {"key": "gui_debug_report_folder", "value": "Папка отчётов"},
  {"key": "gui_themes_catalogue_empty", "value": "Каталог пуст"},
  {"key": "gui_select", "value": "Выбрать"},
  {"key": "gui_catalogue_theme_exists_new", "value": "Папка для этой темы уже существует, она будет удалена!"},
  {"key": "gui_theme_download_progress", "value": "Загружаем тему {0}. Подождите..."},
  {"key": "gui_complete", "value": "Завершено"},
  {"key": "gui_theme_download_error", "value": "Невозможно загрузить тему"},
  {"key": "gui_theme_download_error_0", "value": "Обычно это происходит по следующим причинам"},
  {"key": "gui_theme_download_error_1", "value": "- Что-то не так с соединением"},
  {"key": "gui_theme_download_error_2", "value": "- Файлы темы были удалены с сервера"},
  {"key": "gui_theme_download_error_3", "value": "- Сервер с файлами не работает"},
  {"key": "gui_theme_download_error_4", "value": "- До взрыва вашего ПК осталось чуть меньше 10-ти минут"},
  {"key": "gui_error_we_got", "value": "Ошибку которую мы получили"},
  {"key": "gui_theme_selected_error", "value": "Невозможно скачать эту тему потому что она уже выбрана, выберите другую и попробуйте снова"},
  {"key": "gui_round_options", "value": "Правила Раунда"},
  {"key": "gui_round_options_pcount", "value": "Кол-во игроков"},
  {"key": "gui_round_options_pcount_desc", "value": "Полезно для таких раундов как кольцо из плиток"},
  {"key": "gui_round_options_timer", "value": "Включить таймер?"},
  {"key": "gui_round_options_timer_limit", "value": "Длина раунда"},
  {"key": "gui_minutes", "value": "Минуты"},
  {"key": "gui_seconds", "value": "Секунды"},
  {"key": "gui_round_options_seed", "value": "Сид раунда"},
  {"key": "gui_round_options_seed_desc", "value": "Если не указано или равно 0 будет выбран случайный сид"},
  {"key": "gui_save_apply", "value": "Сохранить & Применить"},
  {"key": "gui_round_options_hardmode", "value": "Сложный режим"},
  {"key": "gui_round_options_timer_limit_desc", "value": "Если время не установлено будет использовано время по умолчанию."},
  {"key": "gui_debug_as_zip", "value": "Создать как ZIP"},
  {"key": "newsfeed_beta_private_title", "value": "Добро пожаловать в закрытую бету {loaderName}"},
  {"key": "newsfeed_beta_private_desc", "value": "Ты и так знаешь что нужно делать, валяй!"},
  {"key": "gui_up_prompt", "value": "Вы играете в исследование. Чтобы выбирать раунды выйдите в главное меню"},
  {"key": "gui_debug_press_again", "value": "Нажми {0} снова чтобы открыть откладку"},
  {"key": "gui_theme_dir", "value": "Папка с темой"},
  {"key": "gui_theme_del", "value": "Удалить тему"},
  {"key": "gui_theme_delete_title", "value": "Удалить тему {selectedTheme}?"},
  {"key": "gui_theme_delete_desc", "value": "Вы уверены?"},
  {"key": "gui_play_explore_unity", "value": "Исследование - Unity"},
  {"key": "gui_play_explore_endless", "value": "Исследование - Бесконечность"},
  {"key": "gui_explore_endless_title", "value": "Что такое исследование бесконечность?"},
  {"key": "gui_explore_endless_desc", "value": "Исследование бесконечность это сборка раундов unity и раундов исследования. У вас есть 50% шанс на получение карты unity или карты из исследования"},
  {"key": "gui_explore_desc_base", "value": "Как исследование работает в {loaderName}?\\n- Вы можете пропускать раунды так же как и в обычной игре\\n- Вы можете фильтровать раунды по их типу в конфиге\\n- В раундах на выживание всегда включен лимит по времени\\n- Чтобы прекратить играть в исследование используйте меню паузы или интерфейс {loaderName}"},
  {"key": "gui_explore_unity_title", "value": ""},
  {"key": "gui_explore_unity_desc", "value": ""},
  {"key": "gui_localization_faq_title", "value": "Как перевести {loaderName}?"},
  {"key": "gui_localization_faq_desc", "value": "- Создайте папку для вашего языка ссылаясь на language-codes.csv который находится в Assets.\\n- Скопируйте \"locale.csv\"из существующей локализации и переместите его в вашу новую папку.\\n- Откройте \"locale.csv\" через любой CSV редактор и измените что требуется.\\n- Когда вы закончили, сохраните ваши изменения в кодировке UTF-8 (обычно установлена по умолчанию).\\n- Чтобы использовать вашу локализацию в игре, укажите имя папки которую вы создали для параметра \"Localization File Name\" в конфиге или используйте интрефейс {loaderName}.\\n- Если вы хотите перевести описания для конфига или авторство, скопируйте специальные файлы для них (credits.txt и config-descs.txt) из существующей локализации и поместите их в вашу локализацию, после этого переведите их таким же образом.\\n- Не стесняйтесь отправлять ваш перевод в дискорд сервер {loaderName}. Вероятнее всего он будет добавлен в следующих обновлениях"},
  {"key": "gui_themes_faq_title", "value": "Как создать тему?"},
  {"key": "gui_themes_faq_desc", "value": ""},
  {"key": "gui_themes_catalogue_faq_title", "value": "Как добавить мою тему в каталог?"},
  {"key": "gui_themes_catalogue_faq_desc", "value": "Отправьте файлы темы в дискорд сервер и если они достаточно хороши тема будет добавлена и будет доступна всем."},
  {"key": "gui_btn_got_it", "value": "Понятно!"},
  {"key": "gui_localization_lang_dir", "value": "Папка Языка"},
  {"key": "gui_ugc_show_tab", "value": "Пользовательские шоу"},
  {"key": "gui_ugc_show_about", "value": "Пользовательские шоу это шоу которые были сделаны пользователямии {loaderName}."},
  {"key": "gui_show_no_rounds_title", "value": "НЕВОЗМОЖНО НАЙТИ РАУНД ДЛЯ ИГРЫ!"},
  {"key": "gui_show_no_rounds_desc", "value": "Проверьте фильтр раундов и раундпул шоу."},
  {"key": "fgt_tooltip_ru_special_01", "value": "О ВЕЛИКИЙ ЗАПРЕТ ХРАНИ НАШИХ РОСКОМНАДЗОРЦЕВ ЗАПРЕТ ЗАПРЕТ ЗАПРЕТ СПАСИБО! О ВЕЛИКИЙ ЗАПРЕТ ХРАНИ НАШИХ РОСКОМНАДЗОРЦЕВ ЗАПРЕТ ЗАПРЕТ ЗАПРЕТ"},
  {"key": "failed_desc_new", "value": "Что-то пошло не так..."},
  {"key": "gui_page", "value": "Страница"},
  {"key": "gui_out_of", "value": "из"},
  {"key": "fgc_temp_request_ban", "value": "Вы отправляете запросы на сервера Fall Guys слишком часто, это может привести к тому что сервера Fall Guys временно заблокируют ваш IP"},
  {"key": "ratelimited_title", "value": "ОГРАНИЧЕН!"},
  {"key": "fgc_temp_request_ban_1", "value": "Как я уже сказал, ты не можешь отправлять столько запросов за такой короткий период времени. Ты же понимаешь что я говорю?"},
  {"key": "fgc_temp_request_ban_2", "value": "Братан, это даже не смешно"},
  {"key": "fgc_temp_request_ban_3", "value": "Ты пожалеешь об этом..."},
  {"key": "fgc_temp_request_ban_desc", "value": "Для вашей же безопасности вы не можете отправлять новые запросы до"},
  {"key": "gui_random_no_rounds", "value": "Невозможно найти раунд для загрузки."},
  {"key": "changelog_limit_new", "value": "{0} изменений отсутствуют в списке. Полный список изменений можно найти в дискорд севрере!"},
  {"key": "gui_download_progress_playlists", "value": "Загружаем Пользовательские шоу"},
  {"key": "gui_preset_first_wheel", "value": "Опция в первом колесе"},
  {"key": "gui_preset_second_wheel", "value": "Опция во втором колесе"},
  {"key": "gui_preset_phrase", "value": "Фраза"},
  {"key": "gui_preset_emoticon", "value": "Эмодзи"},
  {"key": "gui_preset_date", "value": "Дата создания"},
  {"key": "gui_show_unnamed", "value": "Безымянное Шоу"},
  {"key": "gui_show_onlyon", "value": "Только на этих стадиях"},
  {"key": "gui_show_cannotbe", "value": "Не может быть на этих стадиях"},
  {"key": "gui_round_unnamed", "value": "Безымянный раунд"},
  {"key": "gui_fgc_local_autosaves", "value": "Автосохранения FGC"},
  {"key": "gui_fgc_local_autosaves_desc", "value": "Каждый раз когда ваш уровень автосохраняется через {loaderName} его локальная копия создается в папке {loaderName}. Вы всегда можете вернуться к этой копии выбрав её."},
  {"key": "gui_local_save_load", "value": "Загрузить Сохранение"},
  {"key": "gui_local_save_create", "value": "Сохранить Текущий Уровень"},
  {"key": "gui_local_save_del_all", "value": "Удалить Все Сохранения"},
  {"key": "gui_local_save_checksum_fail_title", "value": "НЕВОЗМОЖНО ПРОВЕРИТЬ ПОДЛИННОСТЬ УРОВНЯ"},
  {"key": "gui_local_save_checksum_fail_desc", "value": "Вероятно уровень был модифицирован извне, это не разрешено. Отмените все изменения которые были сделаны в уровень и попробуйте загрузить его снова."},
  {"key": "gui_local_save_generic_error_title", "value": "МНЕ ЖАЛЬ!"},
  {"key": "gui_local_save_generic_error_desc", "value": "Что-то пошло не так при загрузке автосохранения. Попросите помощи в дискорд сервере {loaderName} если вы не можете решить это самостоятельно. Вы так же можете попробовать загрузить сохранение после перезахода в игру, это может помочь"},
  {"key": "gui_local_save_missing_error_title", "value": "УРОВЕНЬ НЕ НАЙДЕН"},
  {"key": "gui_local_save_missing_error_desc", "value": "Ранее сохраненный уровень не найден. Возможно Вы удалили его?"},
  {"key": "gui_local_save_metadata_error_title", "value": "ДАННЫЕ ОБ УРОВНЕ НЕ НАЙДЕНЫ"},
  {"key": "gui_local_save_metadata_error_desc", "value": "Выберите другой уровень"},
  {"key": "gui_local_save_menu_error_title", "value": "НЕ В ГЛАВНОМ МЕНЮ"},
  {"key": "gui_local_save_menu_error_desc", "value": "Чтобы загрузить автосохранение нужно быть в главном меню."},
  {"key": "gui_delete_local_saves_title", "value": "УДАЛИТЬ ЛОКАЛЬНО СОХРАНЕННЫЕ УРОВНИ?"},
  {"key": "gui_delete_local_saves_desc", "value": "Все уровни которые были сохранены локально будут удалены, а ваша игра будет закрыта."},
  {"key": "gui_local_save_fresh_warn", "value": "Вероятно, у Вас не выйдет сохранить этот уровень"},
  {"key": "gui_cosmetics_search_as_list", "value": "Результаты как список"},
  {"key": "gui_local_save_no_saves", "value": "Сохраненных уровней пока нет!"},
  {"key": "gui_fgc_autosave_result", "value": "Результат автосохранения «{0}»"},
  {"key": "gui_fgc_autosave_going", "value": "Уровень сохраняется..."},
  {"key": "gui_local_save_del_level", "value": "Удалить Все Сохранения Для Этого Уровня"},
  {"key": "gui_local_save_del_level_title", "value": "УДАЛИТЬ ВСЕ СОХРАНЕНИЯ ДЛЯ УРОВНЯ «{0}»?"},
  {"key": "gui_local_save_del_level_desc", "value": "Все сохранения для уровня «{0}» будут удалены. Это включает в себя {1} сохранений(я)."},
  {"key": "gui_local_save_del_save", "value": "Удалить Выбранное Сохранение"},
  {"key": "gui_local_save_del_save_title", "value": "УДАЛИТЬ СОХРАНЕНИЕ «{0}»?"},
  {"key": "gui_local_save_del_save_desc", "value": "Сохранение «{0}» для уровня «{1}» будет удалено."},
  {"key": "gui_space_after_deletion", "value": "Удаление освободит «{0}» места на диске"},
  {"key": "gui_deletion_generic_warning", "value": "<b>ЭТО ДЕЙСТВИЕ НЕЛЬЗЯ ОТМЕНИТЬ!</b>"},
  {"key": "gui_local_save_stat_level", "value": "ИНФОРМАЦИЯ ОБ УРОВНЕ"},
  {"key": "gui_local_save_stat_0", "value": "Для уровня"},
  {"key": "gui_local_save_stat_1", "value": "Дата сохранения"},
  {"key": "gui_local_save_stat_2", "value": "Статус уровня"},
  {"key": "gui_local_save_stat_3", "value": "Версия уровня"},
  {"key": "unable_to_find_round_scene", "value": "Похоже что сцена «{0}» используемая в этом уровне была удалена из игровых файлов. Уровень загрузить не выйдет."},
  {"key": "gui_cosmetics_search_as_list_title", "value": "Результаты поиска появятся здесь!"},
  {"key": "gui_local_save_info_placeholder", "value": "Информация об уровне появится здесь!"},
  {"key": "credits_main_section", "value": "{loaderName}"},
  {"key": "credits_dev_section", "value": "Разработка {loaderName}"},
  {"key": "credits_translators_section", "value": "Переводчики"},
  {"key": "credits_playtesting_section", "value": "Тестирование"},
  {"key": "credits_special_section", "value": "Особая Благодарность"},
  {"key": "gui_localization_note", "value": "ПРЕМИЧАНИЕ: У {loaderName} только <color=grey>{0}</color> официальных переводов для следующих языков: <color=grey>{1}</color>.\nЛюбые другие переводы были созданы пользователями {loaderName}, это означает что эти переводы могут быть устаревшими или не полностью корректными"},
  {"key": "fgt_tooltip_ru_special_02", "value": "какой день я уже жду {loaderName}..., каждый день я просыпаюсь в слезах, захожу в Discord на сервер FGTools & FART Loader, и снова на канале ⁠#・announcements нету объявления о новой версии {loaderName}, моё проживание теряет любой смысл ведь я не могу поиграть в Fall Geys с моей любимой модификации... жуки в моей голове говорят только об одной мысли - [REDACTED]..."}
]