[
  {"key": "menuenter_title", "value": "{loaderName} instalado!"},
  {"key": "menuenter_desc", "value": "Has instalado correctamente {loaderName}!\\n {loaderName} La interfaz de usuario ya debería estar en tu pantalla. Ten en cuenta que {loaderName} fue hecho por una sola persona, ¡y no todas las cosas se supone que funcionan! También puede haber errores.\\nSi tiene alguna pregunta o sugerencia, vaya a nuestro servidor de Discord, también puede informar sobre los errores que haya encontrado. ¡Diviertete!"},
  {"key": "menuenter_desc_offline", "value": "{loaderName} se está ejecutando en modo offline, todas las funciones en línea están deshabilitadas ahora, si deseas deshabilitar el modo fuera de línea debes reiniciar el juego."},
  {"key": "continue_btn", "value": "Continuar"},
  {"key": "close_btn", "value": "Cerrar"},
  {"key": "fgc_title", "value": "ESPERA!"},
  {"key": "fgc_desc", "value": "Parece que estas en Fall Guys Modo Creativo en este momento, pporfavor, carga la escena en modo aditivo o dejalo e intenta de nuevo."},
  {"key": "fgc_ok_btn", "value": "No hay problema"},
  {"key": "config_title", "value": "UH OH"},
  {"key": "config_desc", "value": "Algo esta mal con los valores de configuración! Estas seguro que todo es correcto y la configuración actualizada a la ultima versión?\\n\\nError: {0}\\n\\nSi no puedes solucionar este error tu mismo, elimina la configuración y usa la configuración que se incluye con el mod de forma predeterminada (puedes encontrarla en la carpeta {loaderName})"},
  {"key": "failedscene_title", "value": "¡No se puede cargar la ESCENA!"},
  {"key": "failedscene_desc", "value": "Parece que la escena \"{sceneName}\" fue completamente borrada de los archivos del juego, desafortunadamente no puedes cargarla...\\n"},
  {"key": "failedscene_success", "value": "La Ronda Anterior ({0}) Se cargará nuevamente."},
  {"key": "failedscene_failed", "value": "Regresaras al menu"},
  {"key": "img2fgc_title", "value": "Cuidado!"},
  {"key": "img2fgc_desc", "value": "Antes de usar esta herramienta lee el texto a continuación!\\n\\nTutorial de Uso\\nIn \"Image Name\" ingresa el nombre de la imagen que se encuentra en la carpeta ImgToFGC\\nWidth/La altura es el tamaño de tu imagen en ronda.\\nPresiona el botón \"Reemplazar mapas existentes con ronda\" solo después de generar la ronda y abrir la pestaña \"CARGAR\" en Creativo\\n\\nDespues de presionar el botón <b>TODAS</b> tus rondas existentes rounds seran reemplazadas con un mapa con tu imagen, Si guardas la ronda cuando la ronda de la imagen generada cargue tu ronda original <b>SE PERDERA PARA SIEMPRE!</b> Salir del mapa generado si quieres tu ronda original de vuelta\\n\\nTambien puedes editar colores generando a través de JSON que se encuentra en la carpeta FallGuysTools (colors.json)"},
  {"key": "img2fgc_btn_ok", "value": "He leído este texto y conozco mis riesgos."},
  {"key": "img2fgc_btn_close", "value": "No quiero usar esto"},
  {"key": "piracy_title", "value": "LA PIRATERÍA NO ES CAER"},
  {"key": "piracy_desc", "value": "Es un delito grave según la ley de derechos de autor piratear Fall Guys\\nSal del juego y elimina el software."},
  {"key": "piracy1_title", "value": "Error crítico"},
  {"key": "piracy1_desc", "value": "Fall Guys encontró un error y el rendimiento puede verse afectado si continúas jugando sin reiniciar el juego."},
  {"key": "gui_hotkeys", "value": "Hotkeys: {0} activar cursor, {1} activar interfaz de usuario, {2} activar interfaz de usuario de depuración, {3} activar modo de vuelo libre, {4} reaparecer, {5} checkpoint, {6} Cámara libre, {7} restablecer pos del checkpoint"},
  {"key": "gui_show_loader", "value": "CargadorShows"},
  {"key": "gui_gen_cms_list", "value": "Generar lista de rondas de CMS"},
  {"key": "gui_print_show_list", "value": "Imprimir lista de Shows"},
  {"key": "gui_play", "value": "Jugar"},
  {"key": "gui_random_round", "value": "Ronda Aleatoria"},
  {"key": "gui_menu", "value": "Menu Principal"},
  {"key": "gui_fix_obstacles", "value": "Arreglar Obstaculos"},
  {"key": "gui_hotkey_edit", "value": "Editar Hotkey"},
  {"key": "gui_ui", "value": "Interfaz de usuario"},
  {"key": "gui_toggle_cursor", "value": "Activar Cursor"},
  {"key": "gui_toggle_ui", "value": "Activar Interfaz de usuario"},
  {"key": "gui_toggle_img2fgc", "value": "Interfaz Img2Fgc"},
  {"key": "gui_toggle_ffm", "value": "Modo de vuelo libre"},
  {"key": "gui_toggle_media", "value": "Interfaz Media"},
  {"key": "gui_gameplay", "value": "Gameplay"},
  {"key": "gui_respawn", "value": "Reaparecer"},
  {"key": "gui_checkpoint", "value": "Checkpoint"},
  {"key": "gui_fc", "value": "Free Cámara"},
  {"key": "gui_toggle_fc", "value": "Activar CámLibre"},
  {"key": "gui_pause_fc", "value": "Pausar CámLibre"},
  {"key": "gui_move_up", "value": "Moverse Arriba"},
  {"key": "gui_move_down", "value": "Moverse Abajo"},
  {"key": "gui_move_forward", "value": "Moverse Alfrente"},
  {"key": "gui_exit", "value": "Salir"},
  {"key": "gui_show_loader_desc", "value": "Este es un cargador de Shows. Puedes jugar en el grupo de rondas de cualquier Show; las rondas aleatorias se seleccionarán solo de las rondas de este show."},
  {"key": "gui_old_list", "value": "Tu lista de rondas está desactualizada, Presiona aqui para actualizar"},
  {"key": "gui_update_list", "value": "Update List"},
  {"key": "gui_print_round_list", "value": "Imprimir lista de Rondas (EN CONSOLA)"},
  {"key": "gui_gen_round_list", "value": "Generar lista de rondas de CMS"},
  {"key": "gui_cms_loader", "value": "CargadorRondas"},
  {"key": "gui_edit_hotkeys", "value": "Editar hotkeys"},
  {"key": "gui_single_load", "value": "Cargar Solo"},
  {"key": "gui_additive_load", "value": "Cargar Aditivo"},
  {"key": "gui_input_wait_1", "value": "Presiona cualquier tecla..."},
  {"key": "gui_input_wait_2", "value": "Presiona [ESC] para Cancelar"},
  {"key": "gui_img2fgc", "value": "Importar imagen A FGC"},
  {"key": "gui_img2fgc_img_name", "value": "Nombre de la Imagen"},
  {"key": "gui_folder", "value": "Carpeta"},
  {"key": "gui_img2fgc_wh", "value": "Ancho/Alto"},
  {"key": "gui_img2fgc_should_del_black", "value": "Borrar pixeles negros?"},
  {"key": "gui_img2fgc_should_del_white", "value": "Borrar pixeles blancos?"},
  {"key": "gui_img2fgc_digital", "value": "Tema Digital?"},
  {"key": "gui_img2fgc_gen_level", "value": "Generar Mapa"},
  {"key": "gui_img2fgc_replace", "value": "Reemplazar mapas existentes con mapa personalizado"},
  {"key": "gui_img2fgc_credits", "value": "Img2fgc fue hecho por @repinek840 en twitter"},
  {"key": "request_error_2", "value": "GUARDADO, PERO..."},
  {"key": "request_error_save_config_2", "value": "Equipaste cosméticos que no tienes, solo recuerda, después de volver a abrir el juego, tus cosméticos se restablecerán. Para este momento todos en tu lobby podran ver tus cosméticos, tambien podras cargar cualquier ronda, tus cosmeticos seran guardados"},
  {"key": "gui_save_into_config", "value": "Guardar en Configuración"},
  {"key": "gui_rotate_speed", "value": "Velocidad de rotacíon"},
  {"key": "gui_move_down_speed", "value": "Velocidad de Moverse Abajo"},
  {"key": "gui_move_up_speed", "value": "Velocidad de Moverse Arriba"},
  {"key": "gui_move_speed", "value": "Velocidad de Movimiento"},
  {"key": "gui_ffm_settings", "value": "Configuración Modo Vuelo libre"},
  {"key": "gui_ffm_hotkeys", "value": "{0} para moverse arriba, {1} para moverse abajo, {2} para moverse alfrente"},
  {"key": "gui_media_load", "value": "Cargar"},
  {"key": "gui_img_loader", "value": "Cargador de Imagenes"},
  {"key": "gui_fc_settings", "value": "Configuración de Cámara Libre"},
  {"key": "gui_zoom_speed", "value": "Velocidad de Zoom"},
  {"key": "gui_sensivity", "value": "Sensibilidad"},
  {"key": "gui_stats", "value": "Estadísticas"},
  {"key": "gui_fc_pos", "value": "Pos."},
  {"key": "gui_fov", "value": "Campo de visión"},
  {"key": "gui_fc_hotkeys", "value": "{0} para salir, {1} para pausar, ScrollWheel para hacer zoom, {2} para moverse arriba, {3} para moverse abajo"},
  {"key": "gui_near_fg", "value": "Cerca del FallGuy"},
  {"key": "gui_follow_fg_pos", "value": "Pegar Pos del FG."},
  {"key": "gui_destroy_all", "value": "Destruir Todo"},
  {"key": "confirm_title", "value": "ESTAS SEGURO?"},
  {"key": "confirm_desc", "value": "Estas seguro que quieres hacer esta accion:"},
  {"key": "failed_title", "value": "ERROR"},
  {"key": "failed_desc", "value": "Se produjo un error con esta acción.\\nError: {0}"},
  {"key": "gui_as_cube", "value": "Como Cubo"},
  {"key": "gui_url_load", "value": "Vía URL"},
  {"key": "gui_run_qual", "value": "¡Clasificado!"},
  {"key": "gui_run_resetmsg", "value": "Mantiene {0} para {1}segundos para Reiniciar!"},
  {"key": "spqual_title", "value": "¡Clasificado!"},
  {"key": "spqual_desc", "value": "¿Quieres guardar el tiempo actual para esta ronda? Se guardará como tu mejor tiempo en esta ronda.."},
  {"key": "spqual_desc2", "value": "Mejor Tiempo: {0} | Run Actual: {1}"},
  {"key": "gui_best_time", "value": "Mejor Tiempo"},
  {"key": "gui_run_elim", "value": "¡Eliminado!"},
  {"key": "gui_run_win", "value": "¡Victoria!"},
  {"key": "gui_run_info", "value": "Run Actual"},
  {"key": "gui_fc_pause", "value": "PAUSADO"},
  {"key": "gui_reset_run", "value": "Restablecer Run"},
  {"key": "spqual_title2", "value": "CONTINUAR?"},
  {"key": "spqual_desc3", "value": "¿Quieres intentar superar esta ronda otra vez?"},
  {"key": "gui_vid_loader", "value": "Cargador de Videos"},
  {"key": "gui_discord_btn", "value": "Servidor de Discord"},
  {"key": "load_ugc", "value": "No puedes cargar esta ronda porque es una ronda FGC. en este momento {loaderName} no admite la carga de rondas FGC\\nSiempre puedes usar este código {0} para encontrarla"},
  {"key": "null_secene", "value": "Esta ronda no contiene info suficiente sobre la escena!"},
  {"key": "unable_to_find_round", "value": "No se puede encontrar la ronda con ID «{0}»"},
  {"key": "unable_to_find_path", "value": "No se puede encontrar el archivo con esta ruta"},
  {"key": "gui_options", "value": "Herramientas"},
  {"key": "gui_wait", "value": "Espera..."},
  {"key": "gui_open_config", "value": "Abrir Configuración"},
  {"key": "gui_basic_o", "value": "Herramientas Basicas"},
  {"key": "gui_gp_o", "value": "Herramientas de Gameplay"},
  {"key": "gui_round_loading", "value": "Ronda Cargando"},
  {"key": "gui_round_intro", "value": "Intro Reproduciendose"},
  {"key": "gui_hotkeys_gp", "value": "Gameplay hotkeys: {0} activar modo de vuelo libre, {1} reaparecer, {2} checkpoint, {3} cámara libre, {4} restablecer pos del checkpoint"},
  {"key": "gui_hotkeys_ui", "value": "UI hotkeys: {0} activar cursor, {1} activar interfaz de usuario, {2} activar interfaz de img2fgc, {3} activar interfaz de media"},
  {"key": "unable_to_load_img", "value": "No se puede cargar la imagen debido a un error:"},
  {"key": "unable_to_spawn", "value": "No se puede generar Fall Guy"},
  {"key": "unable_to_find_show", "value": "No se puede encontrar el show «{0}»"},
  {"key": "intro_skip_msg", "value": "Mantiene {0} por {1}segundos para saltar la introducción"},
  {"key": "revert_changes", "value": "REVERTIR CAMBIOS"},
  {"key": "dropdown_placeholder", "value": "Elige algo..."},
  {"key": "inputfield_placeholder", "value": "Escribe algo..."},
  {"key": "gui_loader", "value": "Cargador Principal"},
  {"key": "gui_edit_config_title", "value": "Editar Configuracion"},
  {"key": "gui_media_tools_title", "value": "Herramientas de Imagenes"},
  {"key": "in_development", "value": "En desarrollo! vuelve a consultar mas tarde"},
  {"key": "gui_search_round", "value": "Buscar ronda por nombre (o nombre de la escena)..."},
  {"key": "gui_search_show", "value": "Buscar show por nombre..."},
  {"key": "gui_show_image", "value": "Mirar icono de show"},
  {"key": "gui_desc", "value": "Descripción:"},
  {"key": "gui_total_rounds", "value": "Total de rondas en la lista"},
  {"key": "gui_total_ids", "value": "Total de id´s en la lista"},
  {"key": "gui_selected_show", "value": "Show Seleccionado"},
  {"key": "gui_loaded_show", "value": "Show Cargado"},
  {"key": "gui_possible_show_rounds", "value": "Rondas Disponibles"},
  {"key": "gui_open_fgdb", "value": "Mirar en FGDB"},
  {"key": "gui_config_about", "value": "En esta página puedes realizar acciones básicas con la configuración."},
  {"key": "gui_config_about_0", "value": "- Reiniciar config - reinicia cada configuracion, llamando cada vez que cargas una escena"},
  {"key": "gui_config_about_1", "value": "- Reiniciar info de IDU - reinicia la información en menús desplegables y listas, úsalo después de encadenar el idioma del juego para evitar problemas"},
  {"key": "gui_config_about_2", "value": "- Abrir Config - no estoy seguro de esto..."},
  {"key": "gui_config_about_3", "value": "En este momento eso es todo"},
  {"key": "gui_credits", "value": "Creditos"},
  {"key": "gui_refresh_config", "value": "Reiniciar config"},
  {"key": "gui_refresh_gui", "value": "Reiniciar info de IDU"},
  {"key": "gui_img2fgc_tab", "value": "IMG2FGC"},
  {"key": "gui_rl_advenced", "value": "Modo Avanzado"},
  {"key": "gui_rl_a_inputholder", "value": "Escribir ronda de CMS... (ej. round_door_dash)"},
  {"key": "gui_rl_desc", "value": "Este es un cargador de rondas. Puedes jugar cualquier ronda en cualquier variación sin límites de tiempo, diviértete"},
  {"key": "gui_rla_desc", "value": "Este es un cargador de rondas avanzado. Funciona igual que el cargador de rondas anterior a V1.3.0, debes ingresar el id de la ronda de CMS para cargarlo."},
  {"key": "gui_img2fgc_desc", "value": "img2fgc es una herramienta que te permite convertir cualquier imagen para crear un nivel. Si el ancho y el alto de su imagen son demasiado grandes, esto hará imposible guardar su nivel <b>¡Las imágenes grandes también pueden reducir el rendimiento!</b>"},
  {"key": "img2fgc_uhh", "value": "Primero debes Generar un Nivel!"},
  {"key": "gui_config_about_4", "value": "- Borrar Eventos - borra todos los eventos que se completaron (p. ej., ventana emergente del menú principal)"},
  {"key": "gui_clear_evt", "value": "Borrar Eventos"},
  {"key": "preset_holder", "value": "Nombre de tu PRESET"},
  {"key": "newpreset_title", "value": "CREA UN NUEVO PRESET"},
  {"key": "newpreset_desc", "value": "- Los presets de cosméticos te permiten cambiar fácilmente entre cosméticos\\n- Los presets de cosméticos admiten los cosméticos agregados mediante \"añadir todos los cosméticos\"\\n- Puedes intercambiar cosméticos a través de presets incluso en el juego\\n\\nArchivos de presets de cosméticos ubicados en la carpeta \"Presets"},
  {"key": "gui_presets", "value": "Presets"},
  {"key": "gui_presets_title", "value": "Presets de cosméticos"},
  {"key": "gui_preset_delete_act", "value": "Borrar preset con nombre \"{0}\"\\nEl Archivo del preset no se puede restaurar después de eliminarlo."},
  {"key": "gui_del_videos_act", "value": "Borrar todos los videos de la escena"},
  {"key": "gui_del_images_act", "value": "Borrar todas las imagenes de la escena"},
  {"key": "gui_delete_preset", "value": "Borrar preset"},
  {"key": "gui_use_preset", "value": "Usar preset"},
  {"key": "gui_presets_desc", "value": "Los presets de cosméticos te permiten cambiar fácilmente entre cosméticos. Puedes usarlos incluso en el juego. Pulsa el botón \"Nuevo preset\" para crear un nuevo preset"},
  {"key": "gui_default_load", "value": "Qué esperas al hacer esto...?"},
  {"key": "gui_new_preset", "value": "Nuevo preset"},
  {"key": "gui_rl_block", "value": "El Cargador de Rondas está bloqueado, espera hasta que aparescas o inténtalo de nuevo."},
  {"key": "gui_error_msg", "value": "Informa de este error en el servidor de discord de {loaderName} y describe como lo conseguiste, por favor envíame información de depuración que puedes obtener presionando {0}, por ahora"},
  {"key": "gui_fix_obstacles_error", "value": "No se pueden arreglar algunos de los obstáculos debido a un error:"},
  {"key": "gui_error_0", "value": "todavía puedes jugar"},
  {"key": "gui_error_1", "value": "regresaras al menu"},
  {"key": "gui_cancel_loading", "value": "Cancelar carga y regresar al menu"},
  {"key": "fgt_eac_error", "value": "¡EAC desactivado mientras juegas con mods! Para jugar en línea debes desinstalar BepInEx y restaurar EAC verificando los archivos del juego."},
  {"key": "gui_del_list", "value": "Delete existing round list"},
  {"key": "offline_log_title", "value": "PARECE QUE ESTAS OFFLINE"},
  {"key": "offline_log_desc", "value": "Quieres activar el modo offline para poder usar {loaderName} sin internet? Todas las funciones en línea se desactivarán hasta que desactive el modo sin conexión"},
  {"key": "online_log_title", "value": "PARECE QUE AHORA ESTAS EN LINEA"},
  {"key": "online_log_desc", "value": "Pero el modo offline aun sigue activado, ¿quieres desactivarlo para activar las funciones en linea?"},
  {"key": "cmsload_failed", "value": "No se puede iniciar la carga de la ronda debido a un error"},
  {"key": "sp_qual_disabled_title", "value": "OYE"},
  {"key": "sp_qual_disabled_desc", "value": "Parece que has desactivado la clasificación para las rondas, lo que significa que no podrás terminar el speedrun. ¿Quieres habilitar esto?"},
  {"key": "gui_error_2", "value": "tu juego se cerrará"},
  {"key": "gui_pizzatowerreference", "value": "Vuelta"},
  {"key": "gui_found_results", "value": "Total de rondas encontradas"},
  {"key": "gui_preset_color", "value": "Color"},
  {"key": "gui_preset_pattern", "value": "Estampado"},
  {"key": "gui_preset_upper", "value": "Superior"},
  {"key": "gui_preset_bottom", "value": "Inferior"},
  {"key": "gui_preset_full", "value": "Completo"},
  {"key": "gui_preset_faceplate", "value": "Cara"},
  {"key": "gui_preset_win_anim", "value": "Animacion de Victoria"},
  {"key": "gui_preset_nickname", "value": "Apodo"},
  {"key": "gui_preset_nameplate", "value": "Placa"},
  {"key": "gui_preset_emotes", "value": "Emote"},
  {"key": "gui_preset_info", "value": "Info del Preset"},
  {"key": "gui_restart_title", "value": "SE REQUIERE REINICIO"},
  {"key": "gui_restart_desc", "value": "Para que los cambios afecten debes reiniciar el juego, ¿quieres hacerlo ahora?"},
  {"key": "gui_reload_title", "value": "SE REQUIERE RECARGAR LA ESCENA"},
  {"key": "gui_reload_desc", "value": "Para que los cambios afecten debes recargar la escena, ¿quieres hacerlo ahora?"},
  {"key": "gui_unable_get_name", "value": "No se puede obtener el nombre"},
  {"key": "old_fgtools_title", "value": "OYE"},
  {"key": "old_fgtools_desc", "value": "Parece que tienes una versión antigua de FGTools instalada; asegúrate de eliminarlo por completo antes de usar la versión actual. Después de presionar \"Aceptar\" en esta ventana emergente, se abrirá el directorio de un plugin. Elimina la carpeta llamada \"FallGuysTools\" y ejecuta el juego nuevamente."},
  {"key": "gui_move_team", "value": "Cambiar de Equipo"},
  {"key": "speedrunneralert_title", "value": "QUERIDO SPEEDRUNNER!"},
  {"key": "speedrunneralert_desc", "value": "Estas jugando {0} durante mucho tiempo. ¿Quizás te tomate un descanso y toca un poco de pasto?\\n\\nNo te preocupes, esta ventana emergente no volverá a aparecer."},
  {"key": "speedrunneralert_cancel", "value": "No gracias"},
  {"key": "speedrunneralert_accept", "value": "Si, tienes razón"},
  {"key": "gui_speedrunner_popup_alert", "value": "Algo pasará en un minuto..."},
  {"key": "gui_speedrunner_popup_alert_1", "value": "Asegúrate de no estar ocupado con tu speedrun"},
  {"key": "disabledsetting_title", "value": "¡Algunas de las configuraciones fueron deshabilitadas!"},
  {"key": "disabledsetting_desc", "value": "Los siguientes ajustes: {0} Fueron deshabilitados o cambiados al valor predeterminado para esta ronda."},
  {"key": "msg_tip", "value": "TIP"},
  {"key": "msg_tip_ffm", "value": "Puedes editar tu velocidad preseionando {0}"},
  {"key": "msg_tip_fc", "value": "Usa WASD para moverte y el Mouse para la rotación\\nTambién puedes hacer zoom usando ScrollWheel y activar PAUSA presionando {0}\\n\\nPresiona {1} para editar la configuración"},
  {"key": "msg_outdated_ver_title", "value": "¡LA VERSIÓN ESTÁ DESACTUALIZADA!"},
  {"key": "msg_outdated_ver", "value": "¡Parece que esta versión está desactualizada!\\nLa más nueva ({0}) ya esta disponible para descargar en el servidor de discord de {loaderName}!!\\nPuedes seguir usando esta versión, pero se recomienda actualizarla"},
  {"key": "msg_old_spc_possible", "value": "Puedes habilitar la recarga de toda la escena en la configuración."},
  {"key": "changelog_for", "value": "Changelog for version"},
  {"key": "changelog_limit", "value": "...Y {0} Mas Cambios... - ¡Mira el registro de cambios completo en el servidor de Discord!"},
  {"key": "changelog_title", "value": "CAMBIOS"},
  {"key": "cgm_error", "value": "Se produjo un error al tratar de abrir el juego como administrador."},
  {"key": "debug_msg", "value": "Usa esta información mientras informas de bugs"},
  {"key": "debug_title", "value": "INFORMACIÓN DE DEPURACIÓN"},
  {"key": "fgc_length", "value": "La longitud de la clave de la ronda debe ser de 14 caracteres. pero tenemos"},
  {"key": "fgc_error", "value": "Se produjo un error al preparar la ronda para cargarla."},
  {"key": "fgc_missing", "value": "Probablemente esta ronda no existe."},
  {"key": "fgc_missing_template", "value": "No se puede encontrar la plantilla para esta ronda."},
  {"key": "gui_error_3", "value": "te quedaras en el menú"},
  {"key": "gui_creative_loader", "value": "Rondas de Creativo (BETA)"},
  {"key": "gui_creative_loader_desc", "value": "Este es el cargador de rondas del modo creativo. Para jugar una ronda, introduce el codigo del nivel en el campo de texto de arriba"},
  {"key": "code_input_holder", "value": "Codigo (ej: 0000-0000-0000)"},
  {"key": "gui_unity_loader", "value": "Rondas Unity"},
  {"key": "fgc_level_inf", "value": "INFO SOBRE EL NIVEL"},
  {"key": "fgc_level_name", "value": "Nombre"},
  {"key": "fgc_level_desc", "value": "Descripción"},
  {"key": "fgc_level_gamemode", "value": "Modo de juego"},
  {"key": "fgc_level_author", "value": "Creado por"},
  {"key": "fgc_level_ver", "value": "Version"},
  {"key": "fgc_level_likes", "value": "Likes"},
  {"key": "fgc_level_pc", "value": "Cantidad de jugadas"},
  {"key": "fgc_level_maxp", "value": "Jugadores max."},
  {"key": "fgc_level_qp", "value": "Porcentaje de clasif."},
  {"key": "fgc_level_timel", "value": "Limite de tiempo"},
  {"key": "fgc_level_platform", "value": "Hecho en"},
  {"key": "fgc_level_tags", "value": "Tags"},
  {"key": "fgc_level_utags", "value": "Tags de usuario"},
  {"key": "fgc_level_muz", "value": "Evento de Musica"},
  {"key": "fgc_level_load", "value": "Obteniendo Info..."},
  {"key": "fgc_level_extra", "value": "Info Extra"},
  {"key": "fgc_level_theme", "value": "Tema"},
  {"key": "fgc_level_compstat", "value": "Completado"},
  {"key": "fgc_level_sp", "value": "Porcentaje Supervivencia"},
  {"key": "gui_yes", "value": "Si"},
  {"key": "gui_no", "value": "No"},
  {"key": "fgc_level_nodto", "value": "No se encontró LevelInfoDto."},
  {"key": "fgt_tooltip_01", "value": "Puedes omitir la introducción de la ronda manteniendo presionado {0}"},
  {"key": "fgt_tooltip_02", "value": "¡Puedes agregar todos los cosméticos que existen en el juego habilitando \"Agregar todos los cosméticos\" en la configuración!"},
  {"key": "fgt_tooltip_03", "value": "Usa {0} para activar la IGDU de {loaderName}"},
  {"key": "fgt_tooltip_04", "value": "Si tienes alguna pregunta no dudes en preguntarla en el servidor de discord de {loaderName} !!!"},
  {"key": "fgt_tooltip_05", "value": "¡Puedes habilitar el límite de tiempo personalizado en la configuración!"},
  {"key": "fgt_tooltip_06", "value": "¡Puedes desactivar la clasificación de las rondas en la configuración!"},
  {"key": "fgt_tooltip_07", "value": "Dato curioso: en lugar de hacer Speedrunning en este juego, ¡puedes tocar un poco de pasto!"},
  {"key": "fgt_tooltip_08", "value": "¡Puedes desactivar o cambiar de powerup en la configuración!"},
  {"key": "fgt_tooltip_09", "value": "¿Quieres jugar Fall Guys completamente sin conexión? Habilitar el modo offline en la configuración"},
  {"key": "unable_to_load_scene", "value": "No se puede cargar la escena"},
  {"key": "unable_to_load_scene_01", "value": "Parece que la escena utilizada en esta ronda fue eliminada de los archivos del juego."},
  {"key": "unable_to_load_scene_02", "value": "Ronda Anterior"},
  {"key": "unable_to_load_scene_03", "value": "Se cargara de nuevo"},
  {"key": "no_changelog_get", "value": "No se puede obtener el registro de cambios para esta versión."},
  {"key": "fgt_tooltip_10", "value": "¿Quieres habilitar la física de personajes antigua que existía antes de la actualización Fall Forever? Habilita \"Física antigua\" en la configuración"},
  {"key": "fgt_tooltip_11", "value": "It's been 3 days without {loaderName}. I feel like I'm gonna vomit and kill myself. I wanted to play {loaderName} after the new update, but it sadly didn't work. I'm probably in my worst state right now. The new update is terrible and I don't have anything to play. I think it's good to say goodbye. I'm killing myself. {loaderName} is life, {loaderName} is like my best friend. I don't touch grass so {loaderName} is my one and only hope there is right now, but it doesn't work sadly. I need mental help seriously."},
  {"key": "userchange_title", "value": "SELECCIONA TU NOMBRE DE USUARIO"},
  {"key": "userchange_desc", "value": "Desde que tu juego se lanzó sin conexión, no tienes nombre de usuario. Selecciónalo o usa el predeterminado. ¡Ten en cuenta que siempre puede cambiar el nombre de usuario seleccionado en la configuración!"},
  {"key": "userchange_holder", "value": "OfflineGuy"},
  {"key": "gui_toggle", "value": "Activar"},
  {"key": "gui_save", "value": "Guardar"},
  {"key": "gui_variant_lastsave", "value": "Activar Último guardado"},
  {"key": "gui_variant_toggleall", "value": "Activar Todo"},
  {"key": "gui_variant_title", "value": "OPCIONES DE VARIACIONES"},
  {"key": "gui_ingame_only_ui", "value": "OPCIONES EN JUEGO"},
  {"key": "gui_ingame_tab", "value": "Ajustes de Gameplay"},
  {"key": "rpc_fgc_alert_title", "value": "Antes de que empiezes..."},
  {"key": "rpc_fgc_alert_desc", "value": "Desde que agregué Discord RPC a {loaderName} debes saber que ahora se muestra cierta información en el editor en tu estado de discordia (estado en el editor, modo de juego de nivel, nombre del nivel). Si estás de acuerdo con esto, presiona \"OK\" y diviértete. Si no, puedes abrir la configuración y desactiva el Discord RPC de {loaderName}.\\n\\nEsta ventana emergente no volverá a aparecer."},
  {"key": "gui_handle_random_cosmetics", "value": "Cosméticos Aleatorios"},
  {"key": "gui_handle_default_cosmetics", "value": "Restablecer Cosméticos Aleatorios"},
  {"key": "gui_attempt", "value": "INTENTO"},
  {"key": "gui_warning", "value": "ADVERTENCIA"},
  {"key": "discordsdk_missing_desc", "value": "Falta el SDK del juego Discord. Discord Game Sdk para que Discord RPC funcione. Por ahora, Discord RPC estaba deshabilitado, para reactivarlo, coloque discord_game_sdk.dll en la carpeta de {loaderName} o solicite ayuda en el servidor de Discord de {loaderName}"},
  {"key": "gui_default", "value": "Default"},
  {"key": "gui_misc", "value": "Varios"},
  {"key": "themes_selector_title", "value": "Seleccion de Tema del Menu"},
  {"key": "statistics_title", "value": "Tus Estadisticas de {loaderName}"},
  {"key": "theme_restart_title", "value": "REINICIO NECESARIO"},
  {"key": "theme_restart_desc", "value": "To return to Default theme you need to restart the game, wanna do it now?"},
  {"key": "stat_time_in_game", "value": "Tiempo Total En juego"},
  {"key": "stat_total_rounds", "value": "Total de rondas cargadas"},
  {"key": "gui_delete_stats", "value": "Restablecer Estadisticas"},
  {"key": "stat_launch_times", "value": "Sesiones de Juego"},
  {"key": "stat_sp_att_total", "value": "Total de intentos en el Modo Speedrun"},
  {"key": "stat_time_inmenu", "value": "Tiempo en el Menu"},
  {"key": "gui_unavailable", "value": "No Disponible"},
  {"key": "theme_selector_not_in_menu", "value": "Para cambiar el tema, debes estar en el Menú principal"},
  {"key": "stats_del_title", "value": "ESTAS SEGURO?"},
  {"key": "stats_del_desc", "value": "¿Realmente quieres restablecer todas tus estadísticas? ¡Esta acción no se puede deshacer!"},
  {"key": "theme_change_title", "value": "СAMBIAR TEMA?"},
  {"key": "theme_change_desc", "value": "Quieres cambiar de Tema?"},
  {"key": "gui_open_rhistory", "value": "Abrir Historial de Rondas"},
  {"key": "gui_close_rhistory", "value": "Cerrar Historial de Rondas"},
  {"key": "gui_nothing2see", "value": "Nada que ver aqui aun"},
  {"key": "gui_save_stats", "value": "Guardar Estadisticas"},
  {"key": "gui_stats_info_01", "value": "- Las estadísticas se guardan cada vez que sales del juego y automáticamente cada 5 minutos."},
  {"key": "gui_result", "value": "Resultados"},
  {"key": "stats_result_leave", "value": "Salir"},
  {"key": "stats_result_new", "value": "Nueva Ronda"},
  {"key": "round_length", "value": "Duración de la Ronda"},
  {"key": "stats_total_time_fgc", "value": "Tiempo Total en FGC"},
  {"key": "gui_stats_info_02", "value": "- Seguimiento de estadísticas solo cuando juegas {loaderName}"},
  {"key": "stats_collectables_collected", "value": "Coleccionables Coleccionados"},
  {"key": "stats_powerup_uses", "value": "Usos de Powerup"},
  {"key": "gui_stats_info_03", "value": "- Estadísticas almacenadas localmente en tu dispositivo"},
  {"key": "stats_save_time_remain", "value": "Tiempo restante para guardar automáticamente"},
  {"key": "gui_date", "value": "Fecha"},
  {"key": "gui_force_reset", "value": "FORZAR RESET"},
  {"key": "force_reset_desc", "value": "Esto restablecerá el estado de FGTools al predeterminado; utilízalo si hay un softlock o tiene algunos problemas. <b>ESTO TE OBLIGARA A SALIR DEL MENÚ, SI ESTÁS EN FG CREATIVO ¡¡TU PROGRESO SE PERDERÁ!!</b>"},
  {"key": "fgt_tooltip_12", "value": "Господи Стентрик, Спидранер Божий, моля Те с кувшя и смирение, чуй молбата ми за радост и забавление в моменти на отдих. Помогни на създателите на играта FGStoola да върнат игрите с 360 дивами, както и мудьтиплеер играти, които толкова много радваха сърцата ни. ФлоузЛ!"},
  {"key": "gui_flzru_img", "value": "Imagen Chistosa"},
  {"key": "gui_deleted_rounds", "value": "Borradas"},
  {"key": "gui_deleted_rounds_desc", "value": "*¡el color gris en el nombre de la ronda significa que esa ronda se eliminó de los archivos del juego!"},
  {"key": "gui_imgloader_desc", "value": "Este es un cargador de imágenes, puede cargar imágenes a través de URL o imágenes almacenadas localmente en tu dispositivo"},
  {"key": "gui_imgloader_desc_01", "value": "Para cargar la imagen almacenada en tu dispositivo, colocala en la carpeta e ingrese su nombre en el campo de entrada"},
  {"key": "gui_imgloader_desc_02", "value": "Para cargar la imagen a través de URL, marque la opción \"Via URL\" y coloque la URL de la imagen en el campo de entrada. (ej: https://example.com/example.png/)"},
  {"key": "gui_fgc_hex", "value": "Color hexagonal personalizado"},
  {"key": "gui_fgc_hex_set", "value": "Colocar"},
  {"key": "gui_fgc_hex_preview", "value": "Vista Previa"},
  {"key": "gui_fgc_hex_title", "value": "Color de objeto personalizado"},
  {"key": "gui_fgc_hex_fgc", "value": "Color hexadecimal del juego"},
  {"key": "gui_fgc_autosave_in", "value": "Nivel de autoguardado en"},
  {"key": "version_warning_title", "value": "COMPROBACIÓN DE VERSIÓN"},
  {"key": "version_warning", "value": "Tu Fall Guys fue actualizado. <b>Esto probablemente significa que {loaderName} ya no funcionará</b>\\n\\nPor favor, busca actualizaciones en el servidor de discord de {loaderName} e instala las que estén disponibles! Si no hay ninguna y {loaderName} no funciona, espera hasta que se actualice"},
  {"key": "gui_themes_stat_0", "value": "Temas en el dispositivo"},
  {"key": "gui_themes_stat_1", "value": "Temas en el Catalogo"},
  {"key": "gui_author", "value": "Autor"},
  {"key": "gui_unknown", "value": "Desconocido"},
  {"key": "gui_download", "value": "Descargar"},
  {"key": "gui_theme2download", "value": "Tema a descargar"},
  {"key": "gui_theme2download_url", "value": "Fuente"},
  {"key": "gui_theme2download_size", "value": "Tamaño de Descarga"},
  {"key": "gui_view_themes_catalogue", "value": "Ver catalogo de Temas"},
  {"key": "gui_viewing", "value": "Viendo"},
  {"key": "gui_web_themes", "value": "Catalogo de Temas"},
  {"key": "gui_local_themes", "value": "Temas Descargados"},
  {"key": "msg_outdated_ver_short", "value": "¡Parece que esta versión está desactualizada!\\nLa mas nueva ({0}) ya está disponible para descargar en el servidor de Discord de {loaderName} !"},
  {"key": "gui_catalogue_theme_info_0", "value": "Bienvenido al catálogo de temas en línea"},
  {"key": "gui_catalogue_theme_info_1", "value": "Lo hice para evitar que el tamaño de las actualizaciones de {loaderName} sean grandes (porque los archivos de los temas pesan mucho)"},
  {"key": "gui_catalogue_theme_info_2", "value": "- Después de seleccionar un tema, verás información sobre él."},
  {"key": "gui_catalogue_theme_info_3", "value": "- Para descargar un tema presiona el botón \"Descargar"},
  {"key": "gui_catalogue_theme_exists", "value": "La carpeta del tema {selectedTheme} ya existe. Por favor, bórralo primero."},
  {"key": "gui_theme_download_complete_0", "value": "¡Descarga del tema {selectedTheme} completa!"},
  {"key": "gui_theme_download_complete_1", "value": "You can select it in downloaded themes now"},
  {"key": "gui_memes", "value": "Мемы😂🤣"},
  {"key": "gui_download_start_title", "value": "INICIO DE DESCARGA"},
  {"key": "gui_download_end_title", "value": "FIN DE DESCARGA"},
  {"key": "gui_theme_download_start_info", "value": "El tema con nombre {0} comenzó a descargarse"},
  {"key": "gui_theme_download_end_info", "value": "El tema con nombre {0} terminó de descargarse"},
  {"key": "gui_search", "value": "Buscar"},
  {"key": "gui_disable_nav", "value": "Disable Navegación"},
  {"key": "gui_play_explore", "value": "Explorar - Creativo"},
  {"key": "gui_fgc_explore_0", "value": "Total de rondas en Explorar"},
  {"key": "gui_fgc_explore_1", "value": "Rondas de Explorar obteniendo a través de FGAnalyst API (cloudseeker.xyz/fga/)"},
  {"key": "gui_cosmetics_search", "value": "Buscar Cosméticos"},
  {"key": "stats_qual_times", "value": "Clasifi. Totales"},
  {"key": "stats_elim_times", "value": "Elim. Totales"},
  {"key": "stats_win_times", "value": "Victorias Totales"},
  {"key": "gui_creative_loader_warning", "value": "NOTA: Es posible que algunos de los obstáculos y modos de juego no funcionen como se supone."},
  {"key": "gui_cosmetics_search_for", "value": "Buscando Por"},
  {"key": "gui_total_found_items", "value": "Total de items encontrados"},
  {"key": "gui_сosmetics_search_nothing", "value": "No se encontraron cosméticos"},
  {"key": "gui_cosmetics_search_err", "value": "Buscar Error"},
  {"key": "gui_cosmetics_search_reset", "value": "Restablecer"},
  {"key": "gui_begin_search", "value": "Buscar por algo"},
  {"key": "gui_cosmetics_search_live_search", "value": "Búsqueda en vivo"},
  {"key": "explore_start_title", "value": "EMPEZAR MODO EXPLORAR?"},
  {"key": "explore_start_desc", "value": "Esto te cargará en una ronda de exploración aleatoria!"},
  {"key": "critical_error_title", "value": "ERROR CRÍTICO"},
  {"key": "critical_error_desc", "value": "{loaderName} encontró un error crítico. Por favor, abandona el juego y envía registros de BepInEx al servidor de discord"},
  {"key": "gui_localization", "value": "Idioma"},
  {"key": "gui_localization_act0", "value": "CAMBIAR IDIOMA?"},
  {"key": "gui_localization_act1", "value": "Estas Seguro?"},
  {"key": "gui_localization_act2", "value": "Para cambiar de idioma tienes que estar en el menu principal"},
  {"key": "gui_localization_author", "value": "Esta traducción fue hecha por"},
  {"key": "gui_download_progress_lang", "value": "Obteniendo Idioma"},
  {"key": "gui_download_progress_def", "value": "Obteniendo info de {loaderName}"},
  {"key": "gui_download_progress_themes", "value": "Buscando temas"},
  {"key": "gui_download_progress_explore", "value": "Obteniendo rondas de exploración"},
  {"key": "gui_download_progress_explore_waiting", "value": "Preparándose para buscar rondas de exploración. Esperando la respuesta de FGAnalyst"},
  {"key": "gui_downloading_title", "value": "UN MINUTO POR FAVOR"},
  {"key": "gui_downloading_desc", "value": "Para que el trabajo sea más estable, {loaderName} necesita obtener información adicional de Internet. Espera un poco, no pasará mucho tiempo."},
  {"key": "gui_explore_error_title", "value": "NO HAY RONDAS"},
  {"key": "gui_explore_error_desc", "value": "Las rondas de exploración no están cargadas, inténtalo de nuevo más tarde"},
  {"key": "gui_fgc_placeholder", "value": "Pone el codigo del nivel para obtener información de el"},
  {"key": "gui_fgc_not_found", "value": "No se puede encontrar el nivel con el siguiente, asegúrate de haberlo ingresado correctamente e inténtalo nuevamente"},
  {"key": "gui_debug_saved_in", "value": "Guardado en la carpeta {loaderName}"},
  {"key": "gui_debug_hide", "value": "{0} para esconder"},
  {"key": "gui_debug_new_report", "value": "Nuevo informe de bug"},
  {"key": "gui_debug_new_report_desc", "value": "Esto creará un informe con toda la información útil en la carpeta {loaderName}"},
  {"key": "gui_debug_new_report_success", "value": "Informe de bug guardado en la carpeta {loaderName}"},
  {"key": "gui_debug_new_report_fail", "value": "No se puede crear un informe de error"},
  {"key": "gui_debug_report_folder", "value": "Carpeta de informes"},
  {"key": "gui_themes_catalogue_empty", "value": "Catalogo vacio"},
  {"key": "gui_select", "value": "Seleccionar"},
  {"key": "gui_catalogue_theme_exists_new", "value": "La carpeta para este tema ya existe. ¡Será eliminada!"},
  {"key": "gui_theme_download_progress", "value": "Descargando tema {0}. Espera un poquito"},
  {"key": "gui_complete", "value": "Completado"},
  {"key": "gui_theme_download_error", "value": "No se puede descargar el tema"},
  {"key": "gui_theme_download_error_0", "value": "- Aquí razones comunes por las que puede suceder esto."},
  {"key": "gui_theme_download_error_1", "value": "- Hubo un problema de red"},
  {"key": "gui_theme_download_error_2", "value": "- Los archivos del tema fueron eliminados del servidor."},
  {"key": "gui_theme_download_error_3", "value": "- El servidor con archivos del tema puede estar inactivo"},
  {"key": "gui_theme_download_error_4", "value": "- Sólo quedan 10 minutos para que tu pc explote"},
  {"key": "gui_error_we_got", "value": "Error que obtuvimos"},
  {"key": "gui_theme_selected_error", "value": "No se puede descargar este tema porque ya está seleccionado, seleccione otro tema e inténtelo nuevamente"},
  {"key": "gui_round_options", "value": "Reglas de la Ronda"},
  {"key": "gui_round_options_pcount", "value": "Cantidad de Jugadores"},
  {"key": "gui_round_options_pcount_desc", "value": "Útil para algunas rondas como hexanillo"},
  {"key": "gui_round_options_timer", "value": "¿Habilitar temporizador?"},
  {"key": "gui_round_options_timer_limit", "value": "Duración de la Ronda"},
  {"key": "gui_minutes", "value": "Minutos"},
  {"key": "gui_seconds", "value": "Segundos"},
  {"key": "gui_round_options_seed", "value": "Semilla de la Ronda"},
  {"key": "gui_round_options_seed_desc", "value": "Si está en blanco o 0, la semilla se seleccionara aleatoriamente"},
  {"key": "gui_save_apply", "value": "Guardar y Aplicar"},
  {"key": "gui_round_options_hardmode", "value": "Modo Dificil"},
  {"key": "gui_round_options_timer_limit_desc", "value": "Si no se establece el tiempo, se utilizará el tiempo de ronda predeterminado."},
  {"key": "gui_debug_as_zip", "value": "Crear como un ZIP"},
  {"key": "newsfeed_beta_private_title", "value": "Bienvenido a la Beta cerrada de {loaderName}"},
  {"key": "newsfeed_beta_private_desc", "value": "Ya sabes qué hacer aquí, ¡adelante!"},
  {"key": "gui_up_prompt", "value": "Estás jugando en explorar. Para poder elegir rondas salir al Menú Principal"},
  {"key": "gui_debug_press_again", "value": "Presiona {0} nuevamente para abrir Información de depuración"},
  {"key": "gui_theme_dir", "value": "Directorio del Lenguaje"},
  {"key": "gui_theme_del", "value": "Borrar Tema"},
  {"key": "gui_theme_delete_title", "value": "Borrar Tema {0}?"},
  {"key": "gui_theme_delete_desc", "value": "Estas Seguro"},
  {"key": "gui_play_explore_unity", "value": "Explorar - Unity"},
  {"key": "gui_play_explore_endless", "value": "Explorar - Sin Fin"},
  {"key": "gui_explore_endless_title", "value": "¿Qué es Explorar sin fin?"},
  {"key": "gui_explore_endless_desc", "value": "Explore Endless es una mezcla de unity y rondas de exploración. Tienes un 50% de posibilidades de obtener un mapa de unity o un mapa de exploración normal."},
  {"key": "gui_explore_desc_base", "value": "¿Cómo funciona el modo exploración en {loaderName}?\\n- Puedes saltarte rondas como en el juego base\\n- Puedes filtrar rondas por su tipo en la configuración.\\n- En las rondas de supervivencia, se ignorará la configuración de tu límite de tiempo.\\n- Para dejar de jugar rondas de exploración, use el menú de pausa o la GUI de {loaderName}"},
  {"key": "gui_explore_unity_title", "value": ""},
  {"key": "gui_explore_unity_desc", "value": ""},
  {"key": "gui_localization_faq_title", "value": "¿Como Traducir {loaderName}?"},
  {"key": "gui_localization_faq_desc", "value": "- Crea una nueva carpeta con el código de idioma deseado en la carpeta Localización (language-codes.csv en los assets si es necesario).\\n- Duplique \"locale.csv\" de la carpeta de localización existente y colóquelo en su nueva carpeta.\\n- Abre \"locale.csv\" a través de cualquier editor CSV y cambia lo que quieras.\\n- Una vez hecho esto, guarda los cambios en codificación UTF-8 (debe estar configurada de forma predeterminada).\\n- Para usar tu localización con el juego , especifique el nombre de la carpeta para \"Nombre del archivo de localización\" en la configuración o use la GUI de {loaderName}.\\n- Si desea traducir descripciones de configuración y créditos, copie archivos específicos para ellos (credits.txt y config-descs .txt) de la localización existente y colóquelos en su carpeta de localización y luego tradúzcalos de la misma manera.\\n- No dude en enviar sus traducciones en el servidor de Discord de {loaderName}. Lo más probable es que se incluyan con el mod en las próximas actualizaciones."},
  {"key": "gui_themes_faq_title", "value": "¿Cómo hacer un tema?"},
  {"key": "gui_themes_faq_desc", "value": ""},
  {"key": "gui_themes_catalogue_faq_title", "value": "¿Cómo agregar mi tema en el catálogo?"},
  {"key": "gui_themes_catalogue_faq_desc", "value": "Envía archivos de temas en el servidor de Discord y, si es lo suficientemente bueno, se agregará."},
  {"key": "gui_btn_got_it", "value": "Entiendo!"},
  {"key": "gui_localization_lang_dir", "value": "Directorio del Lenguaje"}
]