[
  {"key": "menuenter_title", "value": "{loaderName} installed!"},
  {"key": "menuenter_desc", "value": "You have successfully installed {loaderName}!\\n {loaderName} UI already should be on your screen. Keep in mind that {loaderName} was made by one person, not all things suppose to work as they should, don't forget about bugs.\\nIf you have any questions or suggestions go to our discord server, you can also report about bugs that you encounted. Have fun!"},
  {"key": "menuenter_desc_offline", "value": "{loaderName} is running in offline mode, all online features disabled now, if you want to disable offline mode you must restart the game."},
  {"key": "continue_btn", "value": "Continue"},
  {"key": "close_btn", "value": "Close"},
  {"key": "fgc_title", "value": "HOLD ON!"},
  {"key": "fgc_desc", "value": "Looks like you're in Fall Guys Creative at this moment, please, load scene in additive mode or leave it and try again."},
  {"key": "fgc_ok_btn", "value": "No problem"},
  {"key": "config_title", "value": "UH OH"},
  {"key": "config_desc", "value": "Something is wrong with config values! Are you sure that everything is correct and config updated to last version?\\n\\nError: {0}\\n\\nIf you can't fix this error by yourself delete config and use config that shipped with mod by default (you can find it in {loaderName} folder)"},
  {"key": "failedscene_title", "value": "UNABLE TO LOAD SCENE!"},
  {"key": "failedscene_desc", "value": "Looks like scene \"{0}\" was completely wiped from game files, unfortunately you can't load it anymore...\\n"},
  {"key": "failedscene_success", "value": "Previous round ({0}) will be loaded again."},
  {"key": "failedscene_failed", "value": "You will return to menu"},
  {"key": "img2fgc_title", "value": "Watchout!"},
  {"key": "img2fgc_desc", "value": "Before using this tool please read text below!\\n\\nUsage Tutorial\\nIn \"Image Name\" enter name of image that located in imgToFGC folder\\nWidth/Height is a sizes of your image in round\\nPress \"Replace existing maps with round\" button only after generating round and opening \"LOAD\" tab in Creative\\n\\nAfter pressing this button <b>ALL</b> of your existing rounds will be replaced by a map with your image, if you save your round when generated image round is loaded your original round <b>WILL BE LOST FOREVER!</b> Exit generated map if you want to back your original round\\n\\nYou can also edit colors generating via JSON that located in FallGuysTools folder (colors.json)"},
  {"key": "img2fgc_btn_ok", "value": "I have read this text and know my risks"},
  {"key": "img2fgc_btn_close", "value": "I dont want use this"},
  {"key": "piracy_title", "value": "PIRACY IS NO FALLING"},
  {"key": "piracy_desc", "value": "It is a serious crime under copyright law to pirate Fall Guys\\nExit the game and delete the software"},
  {"key": "piracy1_title", "value": "Critical Error"},
  {"key": "piracy1_desc", "value": "Fall Guys has encountered an error, and performance may be affected if you continue to play without restarting the game."},
  {"key": "gui_hotkeys", "value": "Hotkeys: {0} toggle cursor, {1} toggle UI, {2} toggle debug ui, {3} toggle free fly mode, {4} respawn, {5} checkpoint, {6} free camera, {7} reset checkpoint pos"},
  {"key": "gui_show_loader", "value": "Show Loader"},
  {"key": "gui_gen_cms_list", "value": "Generate CMS Rounds List"},
  {"key": "gui_print_show_list", "value": "Print Show List"},
  {"key": "gui_play", "value": "Play"},
  {"key": "gui_random_round", "value": "Random Round"},
  {"key": "gui_menu", "value": "Main Menu"},
  {"key": "gui_fix_obstacles", "value": "Re-fix Obstacles"},
  {"key": "gui_hotkey_edit", "value": "Hotkey Edit"},
  {"key": "gui_ui", "value": "UI"},
  {"key": "gui_toggle_cursor", "value": "Toggle Cursor"},
  {"key": "gui_toggle_ui", "value": "Toggle UI"},
  {"key": "gui_toggle_img2fgc", "value": "Img2Fgc UI"},
  {"key": "gui_toggle_ffm", "value": "Free Fly Mode"},
  {"key": "gui_toggle_media", "value": "Media UI"},
  {"key": "gui_gameplay", "value": "Gameplay"},
  {"key": "gui_respawn", "value": "Respawn"},
  {"key": "gui_checkpoint", "value": "Checkpoint"},
  {"key": "gui_fc", "value": "Free Camera"},
  {"key": "gui_toggle_fc", "value": "Toggle FreeCam"},
  {"key": "gui_pause_fc", "value": "Pause FreeCam"},
  {"key": "gui_move_up", "value": "Move Up"},
  {"key": "gui_move_down", "value": "Move Down"},
  {"key": "gui_move_forward", "value": "Move Forward"},
  {"key": "gui_exit", "value": "Exit"},
  {"key": "gui_show_loader_desc", "value": "This is a show loader. You able to play in round pool of any show, random rounds will be selected only from rounds of this show"},
  {"key": "gui_old_list", "value": "Your round list is outdated, click here to update"},
  {"key": "gui_update_list", "value": "Update List"},
  {"key": "gui_print_round_list", "value": "Print Rounds List (IN CONSOLE)"},
  {"key": "gui_gen_round_list", "value": "Generate CMS Rounds List"},
  {"key": "gui_cms_loader", "value": "Round Loader"},
  {"key": "gui_edit_hotkeys", "value": "Edit hotkeys"},
  {"key": "gui_single_load", "value": "Load Single"},
  {"key": "gui_additive_load", "value": "Load Additive"},
  {"key": "gui_input_wait_1", "value": "Press any key..."},
  {"key": "gui_input_wait_2", "value": "Press [ESC] to Cancel"},
  {"key": "gui_img2fgc", "value": "Import Image To FGC"},
  {"key": "gui_img2fgc_img_name", "value": "Image Name"},
  {"key": "gui_folder", "value": "Folder"},
  {"key": "gui_img2fgc_wh", "value": "Width/Height"},
  {"key": "gui_img2fgc_should_del_black", "value": "Delete black pixels?"},
  {"key": "gui_img2fgc_should_del_white", "value": "Delete white pixels?"},
  {"key": "gui_img2fgc_digital", "value": "Digital Theme?"},
  {"key": "gui_img2fgc_gen_level", "value": "Generate map"},
  {"key": "gui_img2fgc_replace", "value": "Replace existing maps with custom map"},
  {"key": "gui_img2fgc_credits", "value": "Img2fgc was made by @repinek840 on twitter"},
  {"key": "request_error_2", "value": "SAVED, BUT..."},
  {"key": "request_error_save_config_2", "value": "You equiped cosmetics that you don't have, just remember, after reopening the game your cosmetics will be reset. For this moment everyone in your lobby can see your cosmetics, you can also load any round, your cosmetics will be saved"},
  {"key": "gui_save_into_config", "value": "Save Into Config"},
  {"key": "gui_rotate_speed", "value": "Rotate Speed"},
  {"key": "gui_move_down_speed", "value": "Move Down Speed"},
  {"key": "gui_move_up_speed", "value": "Move Up Speed"},
  {"key": "gui_move_speed", "value": "Move Speed"},
  {"key": "gui_ffm_settings", "value": "Free Fly Mode Settings"},
  {"key": "gui_ffm_hotkeys", "value": "{0} to move up, {1} to move down, {2} to move forward"},
  {"key": "gui_media_load", "value": "Load"},
  {"key": "gui_img_loader", "value": "Image Loader"},
  {"key": "gui_fc_settings", "value": "Free Camera Settings"},
  {"key": "gui_zoom_speed", "value": "Zoom Speed"},
  {"key": "gui_sensivity", "value": "Sensivity"},
  {"key": "gui_stats", "value": "Stats"},
  {"key": "gui_fc_pos", "value": "Pos."},
  {"key": "gui_fov", "value": "Field Of View"},
  {"key": "gui_fc_hotkeys", "value": "{0} to exit, {1} to pause, ScrollWheel to zoom, {2} to move up, {3} to move down, {4} toggle UI"},
  {"key": "gui_near_fg", "value": "Near FallGuy"},
  {"key": "gui_follow_fg_pos", "value": "Paste FG Pos."},
  {"key": "gui_destroy_all", "value": "Destroy All"},
  {"key": "confirm_title", "value": "ARE YOU SURE?"},
  {"key": "confirm_desc", "value": "Are you sure you want to do this action:"},
  {"key": "failed_title", "value": "ERROR"},
  {"key": "failed_desc", "value": "An error occured with this action\\nError: {0}"},
  {"key": "gui_as_cube", "value": "As Cube"},
  {"key": "gui_url_load", "value": "Via URL"},
  {"key": "gui_run_qual", "value": "Qualified!"},
  {"key": "gui_run_resetmsg", "value": "Hold {0} for {1}sec to restart!"},
  {"key": "spqual_title", "value": "You Qualified!"},
  {"key": "spqual_desc", "value": "Do you want to save current time for this round? It will be saved as your best time on this round."},
  {"key": "spqual_desc2", "value": "Best time: {0} | Current run: {1}"},
  {"key": "gui_best_time", "value": "Best time"},
  {"key": "gui_run_elim", "value": "Eliminated!"},
  {"key": "gui_run_win", "value": "Win!"},
  {"key": "gui_run_info", "value": "Current Run"},
  {"key": "gui_fc_pause", "value": "PAUSED"},
  {"key": "gui_reset_run", "value": "Reset Run"},
  {"key": "spqual_title2", "value": "CONTINUE?"},
  {"key": "spqual_desc3", "value": "Wanna try beat this round again?"},
  {"key": "gui_vid_loader", "value": "Video Loader"},
  {"key": "gui_discord_btn", "value": "Discord server"},
  {"key": "load_ugc", "value": "You can't load this round because this is a FGC round. At this moment {loaderName} doesn't support FGC rounds loading\\nYou can always use this code {0} to find it"},
  {"key": "null_secene", "value": "This round doesn't contain enough info about scene!"},
  {"key": "unable_to_find_round", "value": "Unable to find round with id «{0}»"},
  {"key": "unable_to_find_path", "value": "Unable to find file with this path"},
  {"key": "gui_options", "value": "Tools"},
  {"key": "gui_wait", "value": "Wait..."},
  {"key": "gui_open_config", "value": "Open Config"},
  {"key": "gui_basic_o", "value": "Basic Tools"},
  {"key": "gui_gp_o", "value": "Gameplay Tools"},
  {"key": "gui_round_loading", "value": "Round loading"},
  {"key": "gui_round_intro", "value": "Intro playing"},
  {"key": "gui_hotkeys_gp", "value": "Gameplay hotkeys: {0} toggle free fly mode, {1} respawn, {2} checkpoint, {3} free camera, {4} reset checkpoint pos"},
  {"key": "gui_hotkeys_ui", "value": "UI hotkeys: {0} toggle cursor, {1} toggle UI, {2} toggle img2fgc ui, {3} toggle media ui"},
  {"key": "unable_to_load_img", "value": "Unable to load image due to an error:"},
  {"key": "unable_to_spawn", "value": "Unable to spawn Fall Guy"},
  {"key": "unable_to_find_show", "value": "Unable to find show «{0}»"},
  {"key": "intro_skip_msg", "value": "Hold {0} for {1}sec to skip intro"},
  {"key": "revert_changes", "value": "REVERT CHANGES"},
  {"key": "dropdown_placeholder", "value": "Choose something..."},
  {"key": "inputfield_placeholder", "value": "Type something..."},
  {"key": "gui_loader", "value": "Main Loader"},
  {"key": "gui_edit_config_title", "value": "Config Edit"},
  {"key": "gui_media_tools_title", "value": "Media Tools"},
  {"key": "in_development", "value": "In development! Check back later"},
  {"key": "gui_search_round", "value": "Search round by name (or scene name)..."},
  {"key": "gui_search_show", "value": "Search show by name..."},
  {"key": "gui_show_image", "value": "View show icon"},
  {"key": "gui_desc", "value": "Description:"},
  {"key": "gui_total_rounds", "value": "Total rounds in list"},
  {"key": "gui_total_ids", "value": "Total id's in list"},
  {"key": "gui_selected_show", "value": "Selected show"},
  {"key": "gui_loaded_show", "value": "Loaded show"},
  {"key": "gui_possible_show_rounds", "value": "Available rounds"},
  {"key": "gui_open_fgdb", "value": "View on FGDB"},
  {"key": "gui_config_about", "value": "On this page you can do basic actions with config."},
  {"key": "gui_config_about_0", "value": "- Refresh config - refreshes every config setting, calling everytime when you loading a scene"},
  {"key": "gui_config_about_1", "value": "- Refresh GUI Info - refreshes information in dropdowns and lists, use this after chainging ingame language to prevent issues"},
  {"key": "gui_config_about_2", "value": "- Open Config - not sure about this..."},
  {"key": "gui_config_about_3", "value": "At this moment that's all"},
  {"key": "gui_credits", "value": "Credits"},
  {"key": "gui_refresh_config", "value": "Refresh config"},
  {"key": "gui_refresh_gui", "value": "Refresh GUI Info"},
  {"key": "gui_img2fgc_tab", "value": "IMG2FGC"},
  {"key": "gui_rl_advenced", "value": "Advanced mode"},
  {"key": "gui_rl_a_inputholder", "value": "Type CMS round id... (e.g round_door_dash)"},
  {"key": "gui_rl_desc", "value": "This is a round loader. You can play any round on any variation without time limits, have fun"},
  {"key": "gui_rla_desc", "value": "This is a advanced round loader. It works the same as round loader before V1.3.0, you must enter CMS round id to load it"},
  {"key": "gui_img2fgc_desc", "value": "img2fgc is a tool that allows you convert any image to create level. If width and height of your image will be too big this will make impossible to save your level <b>big images also may bring low performance!</b>"},
  {"key": "img2fgc_uhh", "value": "You should generate a level first!"},
  {"key": "gui_config_about_4", "value": "- Clear Events - clears all events that was completed (e.g Main Menu pop-up)"},
  {"key": "gui_clear_evt", "value": "Clear Events"},
  {"key": "preset_holder", "value": "Name of your preset"},
  {"key": "newpreset_title", "value": "MAKEUP A NEW PRESET"},
  {"key": "newpreset_desc", "value": "- Cosmetics presets allows you easily switch between cosmetics\\n- Cosmetics presets supports cosmetics that was added by \"add all cosmetics\"\\n- You can swap cosmetics via presets even in game\\n\\nCosmetics presets files located in \"Presets\" folder"},
  {"key": "gui_presets", "value": "Presets"},
  {"key": "gui_presets_title", "value": "Cosmetics presets"},
  {"key": "gui_preset_delete_act", "value": "Delete preset with name \"{0}\"\\nPreset file can't be resotred after deleting."},
  {"key": "gui_del_videos_act", "value": "Delete all Videos from scene"},
  {"key": "gui_del_images_act", "value": "Delete all Images from scene"},
  {"key": "gui_delete_preset", "value": "Delete preset"},
  {"key": "gui_use_preset", "value": "Use preset"},
  {"key": "gui_presets_desc", "value": "Cosmetics presets allows you easily switch between cosmetics. You can use them even in game. Hit \"New preset\" button to create a new preset"},
  {"key": "gui_default_load", "value": "What are you expecting from doing this...?"},
  {"key": "gui_new_preset", "value": "New preset"},
  {"key": "gui_rl_block", "value": "Round Loader is blocked, wait until spawn will finish or try again!"},
  {"key": "gui_error_msg", "value": "Report about this error in {loaderName} discord server and describe how you get it, please provide me debug info that you can get by pressing {0}, for now"},
  {"key": "gui_fix_obstacles_error", "value": "Unable to fix some of obstacles due to an error:"},
  {"key": "gui_error_0", "value": "you stull able to play"},
  {"key": "gui_error_1", "value": "you will return to menu"},
  {"key": "gui_cancel_loading", "value": "Cancel loading & return to Menu"},
  {"key": "fgt_eac_error", "value": "EAC disabled while you're playing with mods! To play online you must uninstall BepInEx and restore EAC by verifying game files."},
  {"key": "gui_del_list", "value": "Delete existing round list"},
  {"key": "offline_log_title", "value": "LOOKS LIKE YOU'RE OFFLINE"},
  {"key": "offline_log_desc", "value": "Wanna enable offline mode to be able use {loaderName} without internet connection? All online features will be disabled until you disable offline mode"},
  {"key": "online_log_title", "value": "LOOKS LIKE YOU'RE ONLINE NOW"},
  {"key": "online_log_desc", "value": "But offline mode is still enabled, wanna disable it to enable online features?"},
  {"key": "cmsload_failed", "value": "Unable to start round loading due to an error"},
  {"key": "sp_qual_disabled_title", "value": "HEY"},
  {"key": "sp_qual_disabled_desc", "value": "Looks like you have disabled qualifying for rounds, which means you won't be able to finish the speedrun. Wanna enable this?"},
  {"key": "gui_error_2", "value": "your game will close"},
  {"key": "gui_pizzatowerreference", "value": "Lap"},
  {"key": "gui_found_results", "value": "Total found rounds"},
  {"key": "gui_preset_color", "value": "Color"},
  {"key": "gui_preset_pattern", "value": "Pattern"},
  {"key": "gui_preset_upper", "value": "Top Costume"},
  {"key": "gui_preset_bottom", "value": "Bottom Costume"},
  {"key": "gui_preset_full", "value": "Full Costume"},
  {"key": "gui_preset_faceplate", "value": "Faceplate"},
  {"key": "gui_preset_win_anim", "value": "Victory Animation"},
  {"key": "gui_preset_nickname", "value": "Nickname"},
  {"key": "gui_preset_nameplate", "value": "Nameplate"},
  {"key": "gui_preset_emotes", "value": "Emote"},
  {"key": "gui_preset_info", "value": "Preset info"},
  {"key": "gui_restart_title", "value": "RESTART REQUIRED"},
  {"key": "gui_restart_desc", "value": "To make changes affect you must restart your game, wanna do it now?"},
  {"key": "gui_reload_title", "value": "SCENE RELOAD REQUIRED"},
  {"key": "gui_reload_desc", "value": "To make changes affect you must reload scene, wanna do it now?"},
  {"key": "gui_unable_get_name", "value": "Unable to get name"},
  {"key": "old_fgtools_title", "value": "HEY"},
  {"key": "old_fgtools_desc", "value": "It looks like you have an old version of FGTools installed; make sure to completely remove it before using the current version. After pressing \"OK\" in this popup, a plugin's directory will open. Remove the folder named \"FallGuysTools\" and launch the game again."},
  {"key": "gui_move_team", "value": "Change Team"},
  {"key": "speedrunneralert_title", "value": "DEAR SPEEDRUNNER!"},
  {"key": "speedrunneralert_desc", "value": "You're playing {0} a way too long. Maybe you will take some break and touch a little bit of grass?\\n\\nDon't worry, this popup won't appear again."},
  {"key": "speedrunneralert_cancel", "value": "No, thank you"},
  {"key": "speedrunneralert_accept", "value": "Yes, you're right"},
  {"key": "gui_speedrunner_popup_alert", "value": "Something will happen in a minute..."},
  {"key": "gui_speedrunner_popup_alert_1", "value": "Make sure to not be busy with your speedrun"},
  {"key": "disabledsetting_title", "value": "Some of config settings were disabled!"},
  {"key": "disabledsetting_desc", "value": "Following setting(s): {0} were disabled or changed to default value for this round."},
  {"key": "msg_tip", "value": "TIP"},
  {"key": "msg_tip_ffm", "value": "You can edit your movement speed in config"},
  {"key": "msg_tip_fc", "value": "Use WASD for movement and Mouse for rotation\\nYou can also do ZOOM using ScrollWheel and toggle PAUSE by pressing {0}\\n\\nPress {1} to edit settings"},
  {"key": "msg_outdated_ver_title", "value": "VERSION IS OUTDATED!"},
  {"key": "msg_outdated_ver", "value": "Looks like this version is outdated!\\nThe newest one ({0}) is already available to download in {loaderName} discord server!\\nYou can continue using current version, but it recommended to update it"},
  {"key": "msg_old_spc_possible", "value": "You can enable whole scene reload in config"},
  {"key": "changelog_for", "value": "Changelog for version"},
  {"key": "changelog_limit", "value": "...And {0} more change(s)... - Check full changelog in discord server!"},
  {"key": "changelog_title", "value": "CHANGELOG"},
  {"key": "cgm_error", "value": "An error occured while making game manager"},
  {"key": "debug_msg", "value": "Use this info while reporting bugs"},
  {"key": "debug_title", "value": "DEBUG INFO"},
  {"key": "fgc_length", "value": "Round key length must be 14 characters. But we got"},
  {"key": "fgc_error", "value": "An error occurred while preparing round to be loaded"},
  {"key": "fgc_missing", "value": "Probably this round doesn't exist."},
  {"key": "fgc_missing_template", "value": "Unable to find template for this round."},
  {"key": "gui_error_3", "value": "you will stay in the menu"},
  {"key": "gui_creative_loader", "value": "Creative Rounds (BETA)"},
  {"key": "gui_creative_loader_desc", "value": "This is creative round loader. To play round enter it's share code in text field above"},
  {"key": "code_input_holder", "value": "Round code (e.g 0000-0000-0000)"},
  {"key": "gui_unity_loader", "value": "Unity Rounds"},
  {"key": "fgc_level_inf", "value": "INFO ABOUT LEVEL"},
  {"key": "fgc_level_name", "value": "Name"},
  {"key": "fgc_level_desc", "value": "Description"},
  {"key": "fgc_level_gamemode", "value": "Gamemode"},
  {"key": "fgc_level_author", "value": "Created by"},
  {"key": "fgc_level_ver", "value": "Version"},
  {"key": "fgc_level_likes", "value": "Likes"},
  {"key": "fgc_level_pc", "value": "Play count"},
  {"key": "fgc_level_maxp", "value": "Max players"},
  {"key": "fgc_level_qp", "value": "Qual. percentage"},
  {"key": "fgc_level_timel", "value": "Time limit"},
  {"key": "fgc_level_platform", "value": "Made on"},
  {"key": "fgc_level_tags", "value": "Tags"},
  {"key": "fgc_level_utags", "value": "User tags"},
  {"key": "fgc_level_muz", "value": "Music event"},
  {"key": "fgc_level_load", "value": "Fetching info..."},
  {"key": "fgc_level_extra", "value": "Extra info"},
  {"key": "fgc_level_theme", "value": "Theme"},
  {"key": "fgc_level_compstat", "value": "Completed"},
  {"key": "fgc_level_sp", "value": "Survival percentage"},
  {"key": "gui_yes", "value": "Yes"},
  {"key": "gui_no", "value": "No"},
  {"key": "fgc_level_nodto", "value": "No Level Info were found."},
  {"key": "fgt_tooltip_01", "value": "You can skip round intro by holding {0}"},
  {"key": "fgt_tooltip_02", "value": "You can add all cosmetics that exists in the game by enabling \"Add All Cosmetics\" in config!"},
  {"key": "fgt_tooltip_03", "value": "Use {0} to toggle {loaderName} GUI"},
  {"key": "fgt_tooltip_04", "value": "If you have any questions feel free to ask them on {loaderName} discord server!"},
  {"key": "fgt_tooltip_05", "value": "You can enable custom time limit in config!"},
  {"key": "fgt_tooltip_06", "value": "You can disable qualification from rounds in config!"},
  {"key": "fgt_tooltip_07", "value": "Fun fact: Instead of Speedrunning something in this game you can touch a little bit of grass!"},
  {"key": "fgt_tooltip_08", "value": "You can disable or change powerup in config!"},
  {"key": "fgt_tooltip_09", "value": "Wanna play Fall Guys completely offline? Enable offline mode in config\nNVM It's gone"},
  {"key": "unable_to_load_scene", "value": "Unable to load scene"},
  {"key": "unable_to_load_scene_01", "value": "Looks like scene that used in this round was removed from game files."},
  {"key": "unable_to_load_scene_02", "value": "Previous round"},
  {"key": "unable_to_load_scene_03", "value": "will be loaded again"},
  {"key": "no_changelog_get", "value": "Can't get changelog for this version."},
  {"key": "fgt_tooltip_10", "value": "Wanna enable old character physics that was before Fall Forever update? Enable \"Old Physics\" in config"},
  {"key": "fgt_tooltip_11", "value": "It's been 3 days without {loaderName}. I feel like I'm gonna vomit and kill myself. I wanted to play {loaderName} after the new update, but it sadly didn't work. I'm probably in my worst state right now. The new update is terrible and I don't have anything to play. I think it's good to say goodbye. I'm killing myself. {loaderName} is life, {loaderName} is like my best friend. I don't touch grass so {loaderName} is my one and only hope there is right now, but it doesn't work sadly. I need mental help seriously."},
  {"key": "userchange_title", "value": "SELECT YOUR USERNAME"},
  {"key": "userchange_desc", "value": "Since your game launched offline, you don't have username. Select it or use default one. Keep in mind, you can always change selected username in config!"},
  {"key": "userchange_holder", "value": "OfflineGuy"},
  {"key": "gui_toggle", "value": "Toggle"},
  {"key": "gui_save", "value": "Save"},
  {"key": "gui_variant_lastsave", "value": "Toggle Last Save"},
  {"key": "gui_variant_toggleall", "value": "Toggle All"},
  {"key": "gui_variant_title", "value": "VARIATION OPTIONS"},
  {"key": "gui_ingame_only_ui", "value": "IN GAME OPTIONS"},
  {"key": "gui_ingame_tab", "value": "Gameplay Settings"},
  {"key": "rpc_fgc_alert_title", "value": "Before you start..."},
  {"key": "rpc_fgc_alert_desc", "value": "Since I added Discord RPC to {loaderName} you need to know that some info in editor is now displaying in your discord status (state in editor, level game mode, level name). If you okay with this press \"OK\" and have fun. If no, you might open config and disable {loaderName} Discord RPC.\\n\\nThis pop-up won't appear again."},
  {"key": "gui_handle_random_cosmetics", "value": "Random Cosmetics"},
  {"key": "gui_handle_default_cosmetics", "value": "Reset Random Cosmetics"},
  {"key": "gui_attempt", "value": "Attempt"},
  {"key": "gui_warning", "value": "WARNING"},
  {"key": "discordsdk_missing_desc", "value": "Discord Game Sdk is missing. Discord Game Sdk to make discord RPC work. For now discord RPC was disabled, to reslove this put discord_game_sdk.dll into {loaderName} folder or ask for help in {loaderName} discord server"},
  {"key": "gui_default", "value": "Default"},
  {"key": "gui_misc", "value": "Misc"},
  {"key": "themes_selector_title", "value": "Menu Theme Selector"},
  {"key": "statistics_title", "value": "Your {loaderName} stats"},
  {"key": "theme_restart_title", "value": "RESTART REQUIRED"},
  {"key": "theme_restart_desc", "value": "To return to Default theme you need to restart the game, wanna do it now?"},
  {"key": "stat_time_in_game", "value": "Total time in game"},
  {"key": "stat_total_rounds", "value": "Total rounds loaded"},
  {"key": "gui_delete_stats", "value": "Reset Statistics"},
  {"key": "stat_launch_times", "value": "Game sessions"},
  {"key": "stat_sp_att_total", "value": "Total attempts in speedrun mode"},
  {"key": "stat_time_inmenu", "value": "Time in menu"},
  {"key": "gui_unavailable", "value": "Unavailable"},
  {"key": "theme_selector_not_in_menu", "value": "To change theme you must be in Main Menu"},
  {"key": "stats_del_title", "value": "ARE YOU SURE?"},
  {"key": "stats_del_desc", "value": "Do you really want to reset all of your statistics? This action cannot be undone!"},
  {"key": "theme_change_title", "value": "CHANGE THEME?"},
  {"key": "theme_change_desc", "value": "Do you want to change theme?"},
  {"key": "gui_open_rhistory", "value": "Open Round History"},
  {"key": "gui_close_rhistory", "value": "Close Round History"},
  {"key": "gui_nothing2see", "value": "Nothing to see here yet"},
  {"key": "gui_save_stats", "value": "Save Statistics"},
  {"key": "gui_stats_info_01", "value": "- Statistics saves everytime you quit the game and automatically every 5 minutes"},
  {"key": "gui_result", "value": "Result"},
  {"key": "stats_result_leave", "value": "Leave"},
  {"key": "stats_result_new", "value": "New Round"},
  {"key": "round_length", "value": "Round Length"},
  {"key": "stats_total_time_fgc", "value": "Total time in FGC"},
  {"key": "gui_stats_info_02", "value": "- Statistics tracking only when you playing with {loaderName}"},
  {"key": "stats_collectables_collected", "value": "Collectables Collected"},
  {"key": "stats_powerup_uses", "value": "Powerup Usages"},
  {"key": "gui_stats_info_03", "value": "- Statistics stored locally on your device"},
  {"key": "stats_save_time_remain", "value": "Remaining time to autosave"},
  {"key": "gui_date", "value": "Date"},
  {"key": "gui_force_reset", "value": "FORCE RESET"},
  {"key": "force_reset_desc", "value": "This will reset FGTools state to default one, use this if you softlocked or have some issues. <b>THIS WILL FORCE YOU LEAVE TO MENU, IF YOU'RE IN FG CREATIVE YOUR PROGRESS WILL BE LOST!!</b>"},
  {"key": "fgt_tooltip_12", "value": "Господи Стентрик, Спидранер Божий, моля Те с кувшя и смирение, чуй молбата ми за радост и забавление в моменти на отдих. Помогни на създателите на играта FGStoola да върнат игрите с 360 дивами, както и мудьтиплеер играти, които толкова много радваха сърцата ни. ФлоузЛ!"},
  {"key": "gui_flzru_img", "value": "Funny Image"},
  {"key": "gui_deleted_rounds", "value": "Deleted"},
  {"key": "gui_deleted_rounds_desc", "value": "*grey color in round name means that round got deleted from game files!"},
  {"key": "gui_imgloader_desc", "value": "This is image loader, you can load images via URL or images that stored locally on your device"},
  {"key": "gui_imgloader_desc_01", "value": "To load image that stored on your device put it in Folder and enter it's name in input field"},
  {"key": "gui_imgloader_desc_02", "value": "To load image via URL check \"Via URL\" toggle and put image URL into input field (e.g https://example.com/example.png/)"},
  {"key": "gui_fgc_hex", "value": "Custom Hex Color"},
  {"key": "gui_fgc_hex_set", "value": "Set"},
  {"key": "gui_fgc_hex_preview", "value": "Preview"},
  {"key": "gui_fgc_hex_title", "value": "Custom Object Color"},
  {"key": "gui_fgc_hex_fgc", "value": "Game Hex Color"},
  {"key": "gui_fgc_autosave_in", "value": "Level autosave in"},
  {"key": "version_warning_title", "value": "VERSION CHECK"},
  {"key": "version_warning", "value": "Your Fall Guys was updated. <b>This probably means that {loaderName} won't work anymore</b>\\n\\nPlease, check for updates in {loaderName} discord server and install any if there available! If there none and {loaderName} doesn't work wait until it got updated"},
  {"key": "gui_themes_stat_0", "value": "Themes on Device"},
  {"key": "gui_themes_stat_1", "value": "Themes in Catalogue"},
  {"key": "gui_author", "value": "Author"},
  {"key": "gui_unknown", "value": "Unknown"},
  {"key": "gui_download", "value": "Download"},
  {"key": "gui_theme2download", "value": "Theme to download"},
  {"key": "gui_theme2download_url", "value": "Source"},
  {"key": "gui_theme2download_size", "value": "Download size"},
  {"key": "gui_view_themes_catalogue", "value": "View themes Catalogue"},
  {"key": "gui_viewing", "value": "Viewing"},
  {"key": "gui_web_themes", "value": "Themes Catalogue"},
  {"key": "gui_local_themes", "value": "Downloaded Themes"},
  {"key": "msg_outdated_ver_short", "value": "Looks like this version is outdated!\\nThe newest one ({0}) is already available to download in {loaderName} discord server!"},
  {"key": "gui_catalogue_theme_info_0", "value": "Welcome to Online Themes Catalogue"},
  {"key": "gui_catalogue_theme_info_1", "value": "I made it to prevent {loaderName} updates size be big (because themes files weight a lot)"},
  {"key": "gui_catalogue_theme_info_2", "value": "- After you select a theme, you will see some info about it"},
  {"key": "gui_catalogue_theme_info_3", "value": "- To download a theme press \"Download\" button"},
  {"key": "gui_catalogue_theme_exists", "value": "Folder for theme {0} already exists. Please, delete it first"},
  {"key": "gui_theme_download_complete_0", "value": "Download for theme {0} complete!"},
  {"key": "gui_theme_download_complete_1", "value": "You can select it in downloaded themes now"},
  {"key": "gui_memes", "value": "Мемы😂🤣"},
  {"key": "gui_download_start_title", "value": "DOWNLOAD START"},
  {"key": "gui_download_end_title", "value": "DOWNLOAD COMPLETE"},
  {"key": "gui_theme_download_start_info", "value": "Theme with name {0} being downloaded"},
  {"key": "gui_theme_download_end_info", "value": "Theme with name {0} was downloaded successfully"},
  {"key": "gui_search", "value": "Search"},
  {"key": "gui_disable_nav", "value": "Disable Navigation"},
  {"key": "gui_play_explore", "value": "Explore - Creative"},
  {"key": "gui_fgc_explore_0", "value": "Total rounds in explore"},
  {"key": "gui_fgc_explore_1", "value": "Explore rounds fetching via FGAnalyst API (cloudseeker.xyz/fga/)"},
  {"key": "gui_cosmetics_search", "value": "Search for cosmetics"},
  {"key": "stats_qual_times", "value": "Total quals"},
  {"key": "stats_elim_times", "value": "Total elims"},
  {"key": "stats_win_times", "value": "Total wins"},
  {"key": "gui_creative_loader_warning", "value": "NOTE: Some of the obstacles & gamemodes may not work as supposed."},
  {"key": "gui_cosmetics_search_for", "value": "Searching for"},
  {"key": "gui_total_found_items", "value": "Total found items"},
  {"key": "gui_cosmetics_search_nothing", "value": "No cosmetics found"},
  {"key": "gui_cosmetics_search_err", "value": "Search error"},
  {"key": "gui_cosmetics_search_reset", "value": "Reset"},
  {"key": "gui_begin_search", "value": "Search for something"},
  {"key": "gui_cosmetics_search_live_search", "value": "Live Search"},
  {"key": "explore_start_title", "value": "START EXPLORE?"},
  {"key": "explore_start_desc", "value": "This will load you into a random explore round!"},
  {"key": "critical_error_title", "value": "CRITICAL ERROR"},
  {"key": "critical_error_desc", "value": "{loaderName} encounted with an a critical error. Please, leave the game and send BepInEx logs in the discord server"},
  {"key": "gui_localization", "value": "Language"},
  {"key": "gui_localization_act0", "value": "CHANGE LANGUAGE?"},
  {"key": "gui_localization_act1", "value": "Are you sure?"},
  {"key": "gui_localization_act2", "value": "To change language you must be in the Main Menu"},
  {"key": "gui_localization_author", "value": "This translation was made by"},
  {"key": "gui_download_progress_lang", "value": "Fetching Localization"},
  {"key": "gui_download_progress_def", "value": "Fetching {loaderName} info"},
  {"key": "gui_download_progress_themes", "value": "Fetching Themes"},
  {"key": "gui_download_progress_explore", "value": "Fetching Explore Rounds"},
  {"key": "gui_download_progress_explore_waiting", "value": "Preparing to fetch Explore Rounds. Waiting for FGAnalyst response"},
  {"key": "gui_downloading_title", "value": "HOLD ON!"},
  {"key": "gui_downloading_desc", "value": "{loaderName} needs to fetch additional info from the internet.\n\nWait a moment, it should not take more than a minute"},
  {"key": "gui_explore_error_title", "value": "THERE'S NO ROUNDS"},
  {"key": "gui_explore_error_desc", "value": "Explore rounds is not loaded, try again later"},
  {"key": "gui_fgc_placeholder", "value": "Enter level share-code to see info about it!"},
  {"key": "gui_fgc_not_found", "value": "Unable to find level with following share-code, make sure you entered it correctly and try again"},
  {"key": "gui_debug_saved_in", "value": "Saved in {loaderName} folder"},
  {"key": "gui_debug_hide", "value": "{0} to hide"},
  {"key": "gui_debug_new_report", "value": "New bug report"},
  {"key": "gui_debug_new_report_desc", "value": "This will create report with all useful info in {loaderName} folder"},
  {"key": "gui_debug_new_report_success", "value": "Bug report saved in {loaderName} folder"},
  {"key": "gui_debug_new_report_fail", "value": "Unable to create bug report"},
  {"key": "gui_debug_report_folder", "value": "Reports folder"},
  {"key": "gui_themes_catalogue_empty", "value": "Catalogue empty"},
  {"key": "gui_select", "value": "Select"},
  {"key": "gui_catalogue_theme_exists_new", "value": "Folder for this theme already exists. It will be deleted!"},
  {"key": "gui_theme_download_progress", "value": "Downloading theme \"{0}\". Wait a little bit"},
  {"key": "gui_complete", "value": "Complete"},
  {"key": "gui_theme_download_error", "value": "Unable to download theme"},
  {"key": "gui_theme_download_error_0", "value": "Here common reasons why may this happen"},
  {"key": "gui_theme_download_error_1", "value": "- There was a network issue"},
  {"key": "gui_theme_download_error_2", "value": "- Theme files were removed from server"},
  {"key": "gui_theme_download_error_3", "value": "- Server with theme files might be down"},
  {"key": "gui_theme_download_error_4", "value": "- Only 10 minutes left until your pc explodes"},
  {"key": "gui_error_we_got", "value": "Error we got"},
  {"key": "gui_theme_selected_error", "value": "Unable to download this theme because it's already selected, select another theme and try again"},
  {"key": "gui_round_options", "value": "Round Rules"},
  {"key": "gui_round_options_pcount", "value": "Player count"},
  {"key": "gui_round_options_pcount_desc", "value": "Useful for some rounds like hex-a-ring"},
  {"key": "gui_round_options_timer", "value": "Enable timer?"},
  {"key": "gui_round_options_timer_limit", "value": "Round length"},
  {"key": "gui_minutes", "value": "Minutes"},
  {"key": "gui_seconds", "value": "Seconds"},
  {"key": "gui_round_options_seed", "value": "Round Seed"},
  {"key": "gui_round_options_seed_desc", "value": "If blank or 0 seed will be selected randomly"},
  {"key": "gui_save_apply", "value": "Save & Apply"},
  {"key": "gui_round_options_hardmode", "value": "Hard Mode"},
  {"key": "gui_round_options_timer_limit_desc", "value": "If time not set default round time will be used."},
  {"key": "gui_debug_as_zip", "value": "Create as ZIP"},
  {"key": "newsfeed_beta_private_title", "value": "Welcome to closed {loaderName} beta"},
  {"key": "newsfeed_beta_private_desc", "value": "You already know what to do here, go ahead!"},
  {"key": "gui_up_prompt", "value": "You're playing in explore. To be able choose rounds leave to Main Menu"},
  {"key": "gui_debug_press_again", "value": "Press {0} again to open Debug Info"},
  {"key": "gui_theme_dir", "value": "Theme Directory"},
  {"key": "gui_theme_del", "value": "Delete Theme"},
  {"key": "gui_theme_delete_title", "value": "Delete theme \"{0}\"?"},
  {"key": "gui_theme_delete_desc", "value": "Are you sure?"},
  {"key": "gui_play_explore_unity", "value": "Explore - Unity"},
  {"key": "gui_play_explore_endless", "value": "Explore - Endless"},
  {"key": "gui_explore_endless_title", "value": "What is Explore Endless?"},
  {"key": "gui_explore_endless_desc", "value": "Explore Endless is a mix of unity and explore rounds. You have 50% chance to get unity map or normal explore map"},
  {"key": "gui_explore_desc_base", "value": "How explore in {loaderName} works?\\n- You can skip rounds like in base game\\n- You can filter rounds by it's type in config\\n- On survival rounds your time limit settings will be ignored\\n- To stop playing explore rounds use pause menu or {loaderName} GUI"},
  {"key": "gui_explore_unity_title", "value": ""},
  {"key": "gui_explore_unity_desc", "value": ""},
  {"key": "gui_localization_faq_title", "value": "How to translate {loaderName}?"},
  {"key": "gui_localization_faq_desc", "value": "- Create a new folder with the desired language code in the Localization folder (refer to language-codes.csv in the assets if needed).\\n- Duplicate \"locale.csv\" from existing localization folder and place it into your new folder.\\n- Open \"locale.csv\" via any CSV editor and change anything you want.\\n- Once done, save your changes in UTF-8 encoding (should be set by default setting).\\n- To use your localization with game, specify the folder name for \"Localization File Name\" in the config or use the {loaderName} GUI.\\n- If you want to translate config descriptions and credits, copy specific files for them (credits.txt and config-descs.txt) from existing localization and put them in your localization folder after that translate them same way.\\n- Feel free to submit your translations on the {loaderName} Discord server. Most likely they will be included with the mod in next updates."},
  {"key": "gui_themes_faq_title", "value": "How to make a theme?"},
  {"key": "gui_themes_faq_desc", "value": ""},
  {"key": "gui_themes_catalogue_faq_title", "value": "How to add my theme in Catalogue?"},
  {"key": "gui_themes_catalogue_faq_desc", "value": "Send theme files in discord server and if it is good enough it will be added."},
  {"key": "gui_btn_got_it", "value": "Got it!"},
  {"key": "gui_localization_lang_dir", "value": "Language Directory"},
  {"key": "gui_ugc_show_tab", "value": "Custom Shows"},
  {"key": "gui_ugc_show_about", "value": "Custom shows is a shows that were made by {loaderName} users."},
  {"key": "gui_show_no_rounds_title", "value": "UNABLE TO FIND ANY ROUND TO PLAY!"},
  {"key": "gui_show_no_rounds_desc", "value": "Please check your round filter and the show roundpool."},
  {"key": "failed_desc_new", "value": "Something went wrong..."},
  {"key": "gui_page", "value": "Page"},
  {"key": "gui_out_of", "value": "out of"},
  {"key": "fgc_temp_request_ban", "value": "You're sending requests to Fall Guys servers too frequently, this may make Fall Guys servers temp ban your IP"},
  {"key": "ratelimited_title", "value": "RATE-LIMITED!"},
  {"key": "fgc_temp_request_ban_1", "value": "As i already said you can't send that many request for that short period of time. Do you understand what am i saying?"},
  {"key": "fgc_temp_request_ban_2", "value": "Man, this is not even funny"},
  {"key": "fgc_temp_request_ban_3", "value": "You're gonna regret about this..."},
  {"key": "fgc_temp_request_ban_desc", "value": "For yours safety you can't send new requests until"},
  {"key": "gui_random_no_rounds", "value": "Unable to find any round to load."},
  {"key": "changelog_limit_new", "value": "{outLines} changes not listed here. Check for the full changelog in the discord server!"},
  {"key": "gui_download_progress_playlists", "value": "Fetching user-made shows"},
  {"key": "gui_preset_first_wheel", "value": "First wheel option"},
  {"key": "gui_preset_second_wheel", "value": "Second wheel option"},
  {"key": "gui_preset_phrase", "value": "Phrase"},
  {"key": "gui_preset_emoticon", "value": "Emoticon"},
  {"key": "gui_preset_date", "value": "Creation Date"},
  {"key": "gui_show_unnamed", "value": "Unnamed Show"},
  {"key": "gui_show_onlyon", "value": "Only On Stages"},
  {"key": "gui_show_cannotbe", "value": "Cannot Be On Stages"},
  {"key": "gui_round_unnamed", "value": "Unnamed round"},
  {"key": "gui_fgc_local_autosaves", "value": "Creative Autosaves"},
  {"key": "gui_fgc_local_autosaves_desc", "value": "Everytime when your level is autosaving by {loaderName} it's local copy being created in {loaderName} folder. You can always return to this copy by selecting it."},
  {"key": "gui_local_save_load", "value": "Load Save"},
  {"key": "gui_local_save_create", "value": "Save Current Level"},
  {"key": "gui_local_save_del_all", "value": "Delete All Saves"},
  {"key": "gui_local_save_checksum_fail_title", "value": "UNABLE TO VALIDATE LEVEL"},
  {"key": "gui_local_save_checksum_fail_desc", "value": "Most likely level was externally modified, this is not allowed. Undo all of changes that was made to level and try load it again."},
  {"key": "gui_local_save_generic_error_title", "value": "IM SORRY!"},
  {"key": "gui_local_save_generic_error_desc", "value": "Something went wrong while autosave was loading. Ask for help in {loaderName} discord server if you can't reslove this by yourself. You can also try to load this save again after game restart, this may help"},
  {"key": "gui_local_save_missing_error_title", "value": "LEVEL NOT FOUND"},
  {"key": "gui_local_save_missing_error_desc", "value": "Level that was saved not found. Maybe you move or delete it?"},
  {"key": "gui_local_save_metadata_error_title", "value": "LEVEL DATA NOT FOUND"},
  {"key": "gui_local_save_metadata_error_desc", "value": "Select another level"},
  {"key": "gui_local_save_menu_error_title", "value": "NOT IN MENU"},
  {"key": "gui_local_save_menu_error_desc", "value": "To load autosave you must be in Main Menu."},
  {"key": "gui_delete_local_saves_title", "value": "DELETE ALL LOCALLY SAVED LEVELS?"},
  {"key": "gui_delete_local_saves_desc", "value": "All of levels that saved locally will be deleted and your game will be closed."},
  {"key": "gui_local_save_fresh_warn", "value": "You probably won't be able save this level!"},
  {"key": "gui_cosmetics_search_as_list", "value": "See results as list"},
  {"key": "gui_local_save_no_saves", "value": "There no saved levels yet!"},
  {"key": "gui_fgc_autosave_result", "value": "Autosave result «{0}»"},
  {"key": "gui_fgc_autosave_going", "value": "Level saving..."},
  {"key": "gui_local_save_del_level", "value": "Delete Saves For This Level"},
  {"key": "gui_local_save_del_level_title", "value": "DELETE ALL SAVES FOR LEVEL «{0}»?"},
  {"key": "gui_local_save_del_level_desc", "value": "All saves for level «{0}» will be deleted. This includes {1} saves."},
  {"key": "gui_local_save_del_save", "value": "Delete Selected Save"},
  {"key": "gui_local_save_del_save_title", "value": "DELETE SAVE «{0}»?"},
  {"key": "gui_local_save_del_save_desc", "value": "Save «{0}» for level «{1}» will be deleted."},
  {"key": "gui_space_after_deletion", "value": "Deletion will free up you «{0}» of space on disk"},
  {"key": "gui_deletion_generic_warning", "value": "<b>THIS ACTION CANNOT BE UNDONE!</b>"},
  {"key": "gui_local_save_stat_level", "value": "LEVEL INFO"},
  {"key": "gui_local_save_stat_0", "value": "For level"},
  {"key": "gui_local_save_stat_1", "value": "Saved at"},
  {"key": "gui_local_save_stat_2", "value": "Level status"},
  {"key": "gui_local_save_stat_3", "value": "Level version"},
  {"key": "unable_to_find_round_scene", "value": "Looks like scene «{0}» that used in this round was removed from game files. You can't load it."},
  {"key": "gui_cosmetics_search_as_list_title", "value": "Search results will show up here!"},
  {"key": "gui_local_save_info_placeholder", "value": "Level info will show up here!"},
  {"key": "credits_main_section", "value": "{loaderName}"},
  {"key": "credits_dev_section", "value": "{loaderName} Development"},
  {"key": "credits_translators_section", "value": "Translatos"},
  {"key": "credits_playtesting_section", "value": "Playtesting"},
  {"key": "credits_special_section", "value": "Special Thanks"},
  {"key": "gui_localization_note", "value": "NOTE: {loaderName} have only <color=grey>{0}</color> official translation(s) for following languages: <color=grey>{1}</color>.\nAny other translations were made by {loaderName} users, this means that they might be outdated or not completely correct"},
  {"key": "content_err_title", "value": "Content download failed"},
  {"key": "content_err_desc", "value": "Something went wrong while content was downloading... Check your network connection and try again, if error persists ask for help in the Discord Server.\n\nError message: {0}"},
  {"key": "content_err_ok", "value": "TRY AGAIN"},
  {"key": "content_err_cancel", "value": "QUIT THE GAME"},
  {"key": "new_gui_err_title", "value": "UNABLE TO PROPERLY DRAW GUI"},
  {"key": "new_gui_err_desc", "value": "Something went wrong with the attempt to draw GUI. This most likely means that you won't be able to access {loaderName} UI OR it's will be displayed incorrectly.\nIf you got this error after the Fall Guys update wait for future {loaderName} update otherwise ask for help in the Discord server.\n\nError message: {0}"},
  {"key": "gui_localization_author_v2", "value": "Translated by: {0} | Last update: {1}"},
  {"key": "gui_disabled_feature", "value": "Sorry! This feature is temporary disabled.\nCheck the discord server for additional information"},
  {"key": "server_generic_error_title", "value": "Something went wrong"},
  {"key": "server_host_error", "value": "We can't host the server due to an error, try restarting the game."},
  {"key": "server_join_error", "value": "We can't join the server at this moment, check your connection to host and try restarting the game."},
  {"key": "gui_lan_multiplayer", "value": "LAN Multiplayer"},
  {"key": "lan_ip_field_holder", "value": "IP of the server"},
  {"key": "lan_port_field_holder", "value": "Port of the server"},
  {"key": "lan_players_field_holder", "value": "Lobby size"},
  {"key": "gui_server_host", "value": "Host server"},
  {"key": "gui_server_join", "value": "Join server"},
  {"key": "gui_server_shutdown", "value": "Shutdown server"},
  {"key": "latest_preset_set_title", "value": "PRESET WAS AUTOMATICALLY APPLIED"},
  {"key": "latest_preset_set_desc", "value": "Preset \"{0}\" was set automatically because of the config settings."},
  {"key": "gui_fgc_explore_1_v2", "value": "Explore rounds fetching directly via Fall Guys API"},
  {"key": "gui_download_progress_content", "value": "FETCHING {loaderName} CONTENT"},
  {"key": "gui_only_in_menu", "value": "This feature avaiable only in Main Menu"},
  {"key": "gui_unavailable_here", "value": "This feature is unavaiable right now"},
  {"key": "gui_play_selected", "value": "Play selected!"},
  {"key": "server_join_update_title", "value": "UPDATE REQUIRED"},
  {"key": "server_join_update_desc", "value": "Server you tried to join hosted on an newer {loaderName} version! Please update your {loaderName} version to match the hosts version to prevent issues in the game"},
  {"key": "server_host_update_title", "value": "TELL HOST TO UPDATE"},
  {"key": "server_host_update_desc", "value": "Server you tried to join hosted on an older {loaderName} version! Make sure host running the same version as you to prevent issues in the game."},
  {"key": "server_join_version_difference_title", "value": "VERSION DIFFERENCE"},
  {"key": "server_join_version_difference_desc", "value": "Server you tried to join hosted on a different {loaderName} version! Make sure you and the host running on the same {loaderName} version (Build ID should match) to prevent issues in the game.\nTo check your Build ID open Debug Info"},
  {"key": "server_fatal_error_title", "value": "FATAL ERROR"},
  {"key": "server_fatal_error_desc", "value": "Server encountered with an fatal error and can't continue to operate.\nCheck logs for details and report about this issue"},
  {"key": "gui_ui_in_locker", "value": "You can't toggle UI while being in locker, close the locker first"},
  {"key": "gui_missing_round", "value": "Round \"{0}\" you tried to load can't be found, please check if id spelled correctly"},
  {"key": "gui_error_msg_v2", "value": "Report about this error in {loaderName} discord server and explain what leads you to this error, please provide me Debug Info that you can get by pressing {0}"},
  {"key": "fgt_tooltip_13", "value": "What if you wanted to play with {loaderName} but god said Attempted to read or write protected memory. This is often an indication that other memory is corrupt."}
]