[
  {"key": "menuenter_title", "value": "{loaderName} 已安装！"},
  {"key": "menuenter_desc", "value": "你已成功安装 {loaderName}！\\n {loaderName} 的UI已经显示在屏幕上。别忘了，{loaderName} 是由一个人制作的，可能会有Bug。\\n如果你有任何问题或建议，或报告遇到的bug，请前往我们的Discord服务器。玩得愉快！"},
  {"key": "menuenter_desc_offline", "value": "{loaderName} 正处于离线模式，所有在线功能现已被禁用。若要退出离线模式，请重启游戏。"},
  {"key": "continue_btn", "value": "继续"},
  {"key": "close_btn", "value": "关闭"},
  {"key": "fgc_title", "value": "等等！"},
  {"key": "fgc_desc", "value": "看起来你正处于工坊，请使用“叠加场景”模式加载，或者离开工坊后重试。"},
  {"key": "fgc_ok_btn", "value": "没问题"},
  {"key": "config_title", "value": "哎呀……"},
  {"key": "config_desc", "value": "设置的值出错！请确保设置无误，或已经更新到最新版本。\\n\\n错误：{0}\\n\\n如果你无法自行修复此错误，请删除配置文件并使用模组附带的默认配置（你可以在{loaderName}文件夹中找到它）"},
  {"key": "failedscene_title", "value": "无法加载场景！"},
  {"key": "failedscene_desc", "value": "看起来场景“{0}”已从游戏文件中完全移除，你无法再加载它了……\\n"},
  {"key": "failedscene_success", "value": "将再次加载上一个回合（{0}）。"},
  {"key": "failedscene_failed", "value": "你将返回主菜单"},
  {"key": "img2fgc_title", "value": "注意！"},
  {"key": "img2fgc_desc", "value": "在使用此工具前，请阅读以下文本！\\n\\n使用教程\\n在“图像名称”中输入位于imgToFGC文件夹中的图像名称（包括后缀）\\n宽度/高度是图像在关卡中的尺寸\\n只有在生成关卡并打开工坊中的“载入”选项卡后，才能按“用自定义地图替换现有地图”按钮\\n\\n按下此按钮后，<b>所有</b>你现有的关卡都将被带有图像的地图替换，如果你在加载生成的图像关卡时保存关卡，你的原始关卡<b>将永远丢失！</b>如果你想返回原始关卡，请退出生成的地图\\n\\n你也可以通过编辑FallGuysTools文件夹中的colors.json来修改生成JSON时使用的颜色"},
  {"key": "img2fgc_btn_ok", "value": "我已阅读并了解风险"},
  {"key": "img2fgc_btn_close", "value": "我不想使用此工具"},
  {"key": "piracy_title", "value": "免责声明：我们严厉抵制盗版行为"},
  {"key": "piracy_desc", "value": "根据相关法律法规，盗版《糖豆人》是严重的违法行为\\n请立即退出游戏并删除此模组。"},
  {"key": "piracy1_title", "value": "严重错误"},
  {"key": "piracy1_desc", "value": "《糖豆人》遇到了错误，如果你不重启游戏继续游玩，性能可能会受到影响。"},
  {"key": "gui_hotkeys", "value": "快捷键：{0}切换光标，{1}切换UI，{2}切换调试UI，{3}切换自由飞行模式，{4}重生，{5}检查点，{6}自由相机，{7}重置检查点位置"},
  {"key": "gui_show_loader", "value": "节目加载器"},
  {"key": "gui_gen_cms_list", "value": "生成回合列表"},
  {"key": "gui_print_show_list", "value": "生成节目列表"},
  {"key": "gui_play", "value": "游玩"},
  {"key": "gui_random_round", "value": "随机回合"},
  {"key": "gui_menu", "value": "主菜单"},
  {"key": "gui_fix_obstacles", "value": "重新修复障碍物"},
  {"key": "gui_hotkey_edit", "value": "编辑快捷键"},
  {"key": "gui_ui", "value": "UI"},
  {"key": "gui_toggle_cursor", "value": "切换光标"},
  {"key": "gui_toggle_ui", "value": "切换UI"},
  {"key": "gui_toggle_img2fgc", "value": "像素绘图器UI"},
  {"key": "gui_toggle_ffm", "value": "自由飞行模式"},
  {"key": "gui_toggle_media", "value": "媒体UI"},
  {"key": "gui_gameplay", "value": "游戏玩法"},
  {"key": "gui_respawn", "value": "重生"},
  {"key": "gui_checkpoint", "value": "检查点"},
  {"key": "gui_fc", "value": "自由相机"},
  {"key": "gui_toggle_fc", "value": "切换自由相机"},
  {"key": "gui_pause_fc", "value": "暂停自由相机"},
  {"key": "gui_move_up", "value": "上升"},
  {"key": "gui_move_down", "value": "下降"},
  {"key": "gui_move_forward", "value": "前进"},
  {"key": "gui_exit", "value": "退出"},
  {"key": "gui_show_loader_desc", "value": "这是一个节目加载器。你可以游玩任何节目的回合池，随机回合将仅从此节目的回合中选择。"},
  {"key": "gui_old_list", "value": "你的回合列表已过时，点击此处更新"},
  {"key": "gui_update_list", "value": "更新列表"},
  {"key": "gui_print_round_list", "value": "打印回合列表（在控制台中）"},
  {"key": "gui_gen_round_list", "value": "生成CMS回合列表"},
  {"key": "gui_cms_loader", "value": "回合加载器"},
  {"key": "gui_edit_hotkeys", "value": "编辑快捷键"},
  {"key": "gui_single_load", "value": "单独加载"},
  {"key": "gui_additive_load", "value": "叠加加载"},
  {"key": "gui_input_wait_1", "value": "请按任意键…"},
  {"key": "gui_input_wait_2", "value": "按[ESC]取消"},
  {"key": "gui_img2fgc", "value": "导入图像到工坊"},
  {"key": "gui_img2fgc_img_name", "value": "图像名称"},
  {"key": "gui_folder", "value": "文件夹"},
  {"key": "gui_img2fgc_wh", "value": "宽度/高度"},
  {"key": "gui_img2fgc_should_del_black", "value": "删除黑色像素"},
  {"key": "gui_img2fgc_should_del_white", "value": "删除白色像素"},
  {"key": "gui_img2fgc_digital", "value": "数字主题"},
  {"key": "gui_img2fgc_gen_level", "value": "生成关卡"},
  {"key": "gui_img2fgc_replace", "value": "替换现有地图"},
  {"key": "gui_img2fgc_credits", "value": "像素绘图器由Twitter上的@repinek840制作"},
  {"key": "request_error_2", "value": "已保存，但是…"},
  {"key": "request_error_save_config_2", "value": "你装备了未拥有的装扮。请记住，重新打开游戏后你的装扮将被重置。此刻，大厅中的每个人都能看到你的装扮，你也可以加载任何回合，你的装扮将被保存"},
  {"key": "gui_save_into_config", "value": "保存到配置"},
  {"key": "gui_rotate_speed", "value": "旋转速度"},
  {"key": "gui_move_down_speed", "value": "下降速度"},
  {"key": "gui_move_up_speed", "value": "上升速度"},
  {"key": "gui_move_speed", "value": "移动速度"},
  {"key": "gui_ffm_settings", "value": "自由飞行模式设置"},
  {"key": "gui_ffm_hotkeys", "value": "{0}上升，{1}下降，{2}前进"},
  {"key": "gui_media_load", "value": "加载"},
  {"key": "gui_img_loader", "value": "图像加载器"},
  {"key": "gui_fc_settings", "value": "自由相机设置"},
  {"key": "gui_zoom_speed", "value": "缩放速度"},
  {"key": "gui_sensivity", "value": "灵敏度"},
  {"key": "gui_stats", "value": "统计"},
  {"key": "gui_fc_pos", "value": "位置"},
  {"key": "gui_fov", "value": "视野"},
  {"key": "gui_fc_hotkeys", "value": "{0}退出，{1}暂停，鼠标滚轮缩放，{2}上升，{3}下降，{4}切换UI"},
  {"key": "gui_near_fg", "value": "靠近糖豆人"},
  {"key": "gui_follow_fg_pos", "value": "重置糖豆人位置"},
  {"key": "gui_destroy_all", "value": "全部销毁"},
  {"key": "confirm_title", "value": "你确定吗？"},
  {"key": "confirm_desc", "value": "确定要执行此操作？"},
  {"key": "failed_title", "value": "错误"},
  {"key": "failed_desc", "value": "执行此操作时发生错误\\n错误：{0}"},
  {"key": "gui_as_cube", "value": "立方体"},
  {"key": "gui_url_load", "value": "链接导入"},
  {"key": "gui_run_qual", "value": "达标啦！"},
  {"key": "gui_run_resetmsg", "value": "长按{0}键{1}秒以重启！"},
  {"key": "spqual_title", "value": "你已达标！"},
  {"key": "spqual_desc", "value": "是否保存完成此回合的用时？它将作为你在此回合的最佳时间。"},
  {"key": "spqual_desc2", "value": "最佳时间：{0} | 当前时间：{1}"},
  {"key": "gui_best_time", "value": "最佳时间"},
  {"key": "gui_run_elim", "value": "出局啦！"},
  {"key": "gui_run_win", "value": "大获全胜！"},
  {"key": "gui_run_info", "value": "当前时间"},
  {"key": "gui_fc_pause", "value": "已暂停"},
  {"key": "gui_reset_run", "value": "重置"},
  {"key": "spqual_title2", "value": "继续吗？"},
  {"key": "spqual_desc3", "value": "是否重试此回合？"},
  {"key": "gui_vid_loader", "value": "视频加载器"},
  {"key": "gui_discord_btn", "value": "Discord服务器"},
  {"key": "load_ugc", "value": "你无法加载此回合，因为这是一个工坊回合。目前{loaderName}不支持FGC回合加载\\n你始终可以使用此代码{0}来查找"},
  {"key": "null_secene", "value": "此回合未包含足够的场景信息！"},
  {"key": "unable_to_find_round", "value": "无法找到回合《{0}》"},
  {"key": "unable_to_find_path", "value": "无法找到此路径下的文件"},
  {"key": "gui_options", "value": "选项"},
  {"key": "gui_wait", "value": "等待..."},
  {"key": "gui_open_config", "value": "打开配置文件"},
  {"key": "gui_basic_o", "value": "基本选项"},
  {"key": "gui_gp_o", "value": "游玩选项"},
  {"key": "gui_round_loading", "value": "回合加载中"},
  {"key": "gui_round_intro", "value": "回合介绍中"},
  {"key": "gui_hotkeys_gp", "value": "游戏玩法快捷键：{0}切换自由飞行模式，{1}重生，{2}检查点，{3}自由相机，{4}重置检查点位置"},
  {"key": "gui_hotkeys_ui", "value": "UI快捷键：{0}切换光标，{1}切换UI，{2}切换像素绘图器 UI，{3}切换媒体UI"},
  {"key": "unable_to_load_img", "value": "由于错误，无法加载图像："},
  {"key": "unable_to_spawn", "value": "无法生成糖豆人"},
  {"key": "unable_to_find_show", "value": "无法找到节目《{0}》"},
  {"key": "intro_skip_msg", "value": "按住{0}键{1}秒以跳过介绍"},
  {"key": "revert_changes", "value": "恢复更改"},
  {"key": "dropdown_placeholder", "value": "选择..."},
  {"key": "inputfield_placeholder", "value": "输入..."},
  {"key": "gui_loader", "value": "主加载器"},
  {"key": "gui_edit_config_title", "value": "配置编辑"},
  {"key": "gui_media_tools_title", "value": "媒体工具"},
  {"key": "in_development", "value": "施工中！以后再来看看吧"},
  {"key": "gui_search_round", "value": "按名称（或场景名称）搜索回合..."},
  {"key": "gui_search_show", "value": "按名称搜索节目..."},
  {"key": "gui_show_image", "value": "查看节目图标"},
  {"key": "gui_desc", "value": "介绍："},
  {"key": "gui_total_rounds", "value": "总回合数"},
  {"key": "gui_total_ids", "value": "回合变种数"},
  {"key": "gui_selected_show", "value": "已选节目"},
  {"key": "gui_loaded_show", "value": "已加载节目"},
  {"key": "gui_possible_show_rounds", "value": "可用回合"},
  {"key": "gui_open_fgdb", "value": "在FallGuysDB网页上查看"},
  {"key": "gui_config_about", "value": "在此页面，你可以对配置执行基本操作。"},
  {"key": "gui_config_about_0", "value": "- 刷新配置 - 刷新所有配置设置，每次加载场景时都会调用"},
  {"key": "gui_config_about_1", "value": "- 刷新GUI信息 - 刷新下拉菜单和列表中的信息，在切换游戏内语言后使用此功能以防止问题"},
  {"key": "gui_config_about_2", "value": "- 打开配置 - 不太确定..."},
  {"key": "gui_config_about_3", "value": "目前就这些"},
  {"key": "gui_credits", "value": "制作人员"},
  {"key": "gui_refresh_config", "value": "刷新配置"},
  {"key": "gui_refresh_gui", "value": "刷新GUI信息"},
  {"key": "gui_img2fgc_tab", "value": "像素绘图器"},
  {"key": "gui_rl_advenced", "value": "旧版模式"},
  {"key": "gui_rl_a_inputholder", "value": "输入CMS回合ID...（例如 round_door_dash闯门冲关）"},
  {"key": "gui_rl_desc", "value": "这是回合加载器。你可以在没有时间限制的情况下游玩任何回合的任何变种，玩得开心。"},
  {"key": "gui_rla_desc", "value": "这是旧版回合加载器。它的工作方式与V1.3.0之前的回合加载器相同，你必须输入CMS回合ID才能加载它。"},
  {"key": "gui_img2fgc_desc", "value": " 像素绘图器是一个利用填充地面来创建图像关卡的工具。如果你的图像的宽度和高度太大，这将使你无法保存你的关卡<b>图像过大会导致性能降低！</b>"},
  {"key": "img2fgc_uhh", "value": "要先生成一个关卡！"},
  {"key": "gui_config_about_4", "value": "- 清除事件 - 清除所有已完成的事件（例如主菜单弹出窗口）"},
  {"key": "gui_clear_evt", "value": "清除事件"},
  {"key": "preset_holder", "value": "预设名称"},
  {"key": "newpreset_title", "value": "创建新预设"},
  {"key": "newpreset_desc", "value": "- 装扮预设可以让你轻松切换装扮\\n- 装扮预设支持通过\“添加所有装扮\”添加的装扮\\n- 你甚至可以在游戏中通过预设更换装扮\\n\\n装扮预设文件位于\“Presets\”文件夹中"},
  {"key": "gui_presets", "value": "预设"},
  {"key": "gui_presets_title", "value": "装扮预设"},
  {"key": "gui_preset_delete_act", "value": "删除名为\"{0}\"的预设\\n删除后预设文件无法恢复。"},
  {"key": "gui_del_videos_act", "value": "删除场景内所有视频"},
  {"key": "gui_del_images_act", "value": "删除场景内所有图像"},
  {"key": "gui_delete_preset", "value": "删除预设"},
  {"key": "gui_use_preset", "value": "使用预设"},
  {"key": "gui_presets_desc", "value": "装扮预设可以让你轻松切换装扮。你甚至可以在游戏中使用它们。点击\“新建预设\”按钮创建新预设"},
  {"key": "gui_default_load", "value": "你想从这样做中得到什么...？"},
  {"key": "gui_new_preset", "value": "新预设"},
  {"key": "gui_rl_block", "value": "回合加载器被阻止，等待生成完成或重试！"},
  {"key": "gui_error_msg", "value": "请在{loaderName} discord服务器中报告此错误，并描述你是如何遇到的，请提供你目前可以通过按下{0}获取的调试信息"},
  {"key": "gui_fix_obstacles_error", "value": "由于错误无法修复某些障碍物："},
  {"key": "gui_error_0", "value": "你仍然可以游玩"},
  {"key": "gui_error_1", "value": "你将返回菜单"},
  {"key": "gui_cancel_loading", "value": "取消加载并返回菜单"},
  {"key": "fgt_eac_error", "value": "当你使用模组时EAC已禁用！要在线游玩，你必须卸载BepInEx并通过验证游戏文件来恢复EAC。"},
  {"key": "gui_del_list", "value": "删除现有回合列表"},
  {"key": "offline_log_title", "value": "你似乎正处于离线状态"},
  {"key": "offline_log_desc", "value": "要启用离线模式以便在没有互联网连接的情况下使用{loaderName}吗？所有在线功能将被禁用，直到你禁用离线模式"},
  {"key": "online_log_title", "value": "你似乎现在在线了"},
  {"key": "online_log_desc", "value": "但离线模式仍然启用，要切换为在线模式吗？"},
  {"key": "cmsload_failed", "value": "由于错误，无法开始回合加载"},
  {"key": "sp_qual_disabled_title", "value": "嘿"},
  {"key": "sp_qual_disabled_desc", "value": "看起来你已禁用回合达标，这意味着你将无法完成计时器速通。要启用吗？"},
  {"key": "gui_error_2", "value": "你的游戏将关闭"},
  {"key": "gui_pizzatowerreference", "value": "圈数"},
  {"key": "gui_found_results", "value": "找到的总回合数"},
  {"key": "gui_preset_color", "value": "颜色"},
  {"key": "gui_preset_pattern", "value": "花纹"},
  {"key": "gui_preset_upper", "value": "上半身"},
  {"key": "gui_preset_bottom", "value": "下半身"},
  {"key": "gui_preset_full", "value": "完整装扮"},
  {"key": "gui_preset_faceplate", "value": "面部"},
  {"key": "gui_preset_win_anim", "value": "胜利动画"},
  {"key": "gui_preset_nickname", "value": "昵称"},
  {"key": "gui_preset_nameplate", "value": "铭牌"},
  {"key": "gui_preset_emotes", "value": "表情"},
  {"key": "gui_preset_info", "value": "预设信息"},
  {"key": "gui_restart_title", "value": "需要重启"},
  {"key": "gui_restart_desc", "value": "要使更改生效，你必须重启游戏。是否现在重启？"},
  {"key": "gui_reload_title", "value": "需要重新加载场景"},
  {"key": "gui_reload_desc", "value": "要使更改生效，你必须重新加载场景。是否现在重新加载？"},
  {"key": "gui_unable_get_name", "value": "无法获取名称"},
  {"key": "old_fgtools_title", "value": "嘿"},
  {"key": "old_fgtools_desc", "value": "似乎你安装了旧版本的FGTools；请确保在使用当前版本之前完全删除它。在此弹出窗口中按“确定”后，将打开插件目录。删除名为“FallGuysTools”的文件夹并再次启动游戏。"},
  {"key": "gui_move_team", "value": "更换队伍"},
  {"key": "speedrunneralert_title", "value": "亲爱的速通豆！"},
  {"key": "speedrunneralert_desc", "value": "你玩{0}的时间太长了。也许你应该休息一下，稍微接触一下大自然？\\n\\n别担心，这个弹出窗口不会再出现了。"},
  {"key": "speedrunneralert_cancel", "value": "不用了"},
  {"key": "speedrunneralert_accept", "value": "是的，你说得对"},
  {"key": "gui_speedrunner_popup_alert", "value": "好运即将降临！"},
  {"key": "gui_speedrunner_popup_alert_1", "value": "确保不要忙于你的速通"},
  {"key": "disabledsetting_title", "value": "部分配置设置已被禁用！"},
  {"key": "disabledsetting_desc", "value": "以下设置：{0} 在此回合中被禁用或更改为默认值。"},
  {"key": "msg_tip", "value": "提示"},
  {"key": "msg_tip_ffm", "value": "你可以在配置中编辑移动速度"},
  {"key": "msg_tip_fc", "value": "使用WASD移动，鼠标旋转镜头\\n你也可以使用鼠标滚轮进行缩放，并通过按下{0}切换暂停\\n\\n按下{1}编辑设置"},
  {"key": "msg_outdated_ver_title", "value": "版本已过时！"},
  {"key": "msg_outdated_ver", "value": "似乎这个版本已过时！\\n最新版本（{0}）已在{loaderName} 的Discord服务器上提供下载！\\n你可以继续使用当前版本，但建议更新"},
  {"key": "msg_old_spc_possible", "value": "你可以在配置中启用整个场景重新加载"},
  {"key": "changelog_for", "value": "版本更新日志"},
  {"key": "changelog_limit", "value": "...还有{0}个更改... - 在discord服务器中查看完整更新日志！"},
  {"key": "changelog_title", "value": "更新日志"},
  {"key": "cgm_error", "value": "制作游戏管理器时发生错误"},
  {"key": "debug_msg", "value": "报告Bug时请附加此信息"},
  {"key": "debug_title", "value": "调试信息"},
  {"key": "fgc_length", "value": "回合密钥长度必须为14个字符。但我们得到了"},
  {"key": "fgc_error", "value": "准备加载回合时发生错误"},
  {"key": "fgc_missing", "value": "可能此回合不存在"},
  {"key": "fgc_missing_template", "value": "无法找到此回合的模板。"},
  {"key": "gui_error_3", "value": "你将留在菜单中"},
  {"key": "gui_creative_loader", "value": "工坊回合（测试版）"},
  {"key": "gui_creative_loader_desc", "value": "这是工坊回合加载器。要游玩回合，请在上方文本字段中输入其分享代码"},
  {"key": "code_input_holder", "value": "回合代码（例如 0000-0000-0000）"},
  {"key": "gui_unity_loader", "value": "Unity回合"},
  {"key": "fgc_level_inf", "value": "关卡信息"},
  {"key": "fgc_level_name", "value": "名称"},
  {"key": "fgc_level_desc", "value": "描述"},
  {"key": "fgc_level_gamemode", "value": "游戏模式"},
  {"key": "fgc_level_author", "value": "作者"},
  {"key": "fgc_level_ver", "value": "版本"},
  {"key": "fgc_level_likes", "value": "点赞数"},
  {"key": "fgc_level_pc", "value": "游玩次数"},
  {"key": "fgc_level_maxp", "value": "最大人数"},
  {"key": "fgc_level_qp", "value": "达标百分比"},
  {"key": "fgc_level_timel", "value": "时间限制"},
  {"key": "fgc_level_platform", "value": "制作于（平台）"},
  {"key": "fgc_level_tags", "value": "标签"},
  {"key": "fgc_level_utags", "value": "作者标签"},
  {"key": "fgc_level_muz", "value": "音乐"},
  {"key": "fgc_level_load", "value": "获取信息中..."},
  {"key": "fgc_level_extra", "value": "额外信息"},
  {"key": "fgc_level_theme", "value": "主题"},
  {"key": "fgc_level_compstat", "value": "已完成"},
  {"key": "fgc_level_sp", "value": "生存百分比"},
  {"key": "gui_yes", "value": "是"},
  {"key": "gui_no", "value": "否"},
  {"key": "fgc_level_nodto", "value": "未找到回合信息"},
  {"key": "fgt_tooltip_01", "value": "你可以长按{0}跳过关卡介绍"},
  {"key": "fgt_tooltip_02", "value": "你可以在配置中启用\“添加所有装扮\”来添加游戏中存在的所有装扮！"},
  {"key": "fgt_tooltip_03", "value": "使用{0}切换{loaderName} GUI"},
  {"key": "fgt_tooltip_04", "value": "如果你有任何问题，请随时在{loaderName} discord服务器上提问！"},
  {"key": "fgt_tooltip_05", "value": "你可以在配置中启用自定义时间限制！"},
  {"key": "fgt_tooltip_06", "value": "你可以在配置中禁用回合达标！"},
  {"key": "fgt_tooltip_07", "value": "有趣的事实：与其在这款游戏中速通，你可以稍微接触一下大自然！"},
  {"key": "fgt_tooltip_08", "value": "你可以在配置中禁用或更改强化物品！"},
  {"key": "fgt_tooltip_09", "value": "想完全离线玩糖豆人吗？在配置中启用离线模式"},
  {"key": "unable_to_load_scene", "value": "无法加载场景"},
  {"key": "unable_to_load_scene_01", "value": "看起来此回合使用的场景已从游戏文件中删除。"},
  {"key": "unable_to_load_scene_02", "value": "上一个回合"},
  {"key": "unable_to_load_scene_03", "value": "将再次加载"},
  {"key": "no_changelog_get", "value": "无法获取此版本的更新日志。"},
  {"key": "fgt_tooltip_10", "value": "想启用\“糖豆万岁\”更新前的旧角色物理特性吗？在配置中启用“旧物理特性”"},
  {"key": "fgt_tooltip_11", "value": "我已经3天没有玩{loaderName}了。我感觉自己昏昏沉沉，不断作呕，想要自杀。新更新后，我想玩{loaderName}，但它坏了。我正处于最糟糕的状态。这次更新太糟糕了，而我又没什么可玩的。我想是时候说再见了。我要自杀了。{loaderName}是我最好的朋友，更是我的生命！我不能失去{loaderName}，就像西方不能失去耶路撒冷！我不接触大自然，所以{loaderName}是我现在唯一的希望，但可惜它不工作。我需要精神上的帮助，真的。"},
  {"key": "userchange_title", "value": "选择你的用户名"},
  {"key": "userchange_desc", "value": "由于你的游戏以离线模式启动，你没有用户名。请选择用户名或使用默认用户名。请记住，你始终可以在配置中更改选定的用户名！"},
  {"key": "userchange_holder", "value": "离线玩家"},
  {"key": "gui_toggle", "value": "切换"},
  {"key": "gui_save", "value": "保存"},
  {"key": "gui_variant_lastsave", "value": "切换至上次保存"},
  {"key": "gui_variant_toggleall", "value": "全部替换"},
  {"key": "gui_variant_title", "value": "变种选项"},
  {"key": "gui_ingame_only_ui", "value": "游戏内选项"},
  {"key": "gui_ingame_tab", "value": "游戏玩法设置"},
  {"key": "rpc_fgc_alert_title", "value": "在你开始之前..."},
  {"key": "rpc_fgc_alert_desc", "value": "由于我将Discord RPC添加到{loaderName}，你需要知道编辑器中的一些信息现在会显示在你的discord状态中（编辑器中的状态、关卡游戏模式、关卡名称）。如果你对此没问题，请按“确定”并玩得开心。如果不，你可以打开配置并禁用{loaderName} Discord RPC。\\n\\n此窗口不会再出现。"},
  {"key": "gui_handle_random_cosmetics", "value": "随机装扮"},
  {"key": "gui_handle_default_cosmetics", "value": "重置随机装扮"},
  {"key": "gui_attempt", "value": "尝试"},
  {"key": "gui_warning", "value": "警告"},
  {"key": "discordsdk_missing_desc", "value": "缺少Discord Game Sdk。Discord Game Sdk用于使discord RPC工作。目前discord RPC已禁用，要解决此问题，请将discord_game_sdk.dll放入{loaderName}文件夹或在{loaderName} discord服务器中寻求帮助"},
  {"key": "gui_default", "value": "默认"},
  {"key": "gui_misc", "value": "混合"},
  {"key": "themes_selector_title", "value": "菜单主题选择器"},
  {"key": "statistics_title", "value": "你的{loaderName}统计信息"},
  {"key": "theme_restart_title", "value": "需要重启"},
  {"key": "theme_restart_desc", "value": "要返回默认主题，你需要重启游戏，现在要这样做吗？"},
  {"key": "stat_time_in_game", "value": "游玩总时长"},
  {"key": "stat_total_rounds", "value": "加载的总回合数"},
  {"key": "gui_delete_stats", "value": "重置统计信息"},
  {"key": "stat_launch_times", "value": "游戏会话数"},
  {"key": "stat_sp_att_total", "value": "计时器模式下的总尝试次数"},
  {"key": "stat_time_inmenu", "value": "菜单内时间"},
  {"key": "gui_unavailable", "value": "不可用"},
  {"key": "theme_selector_not_in_menu", "value": "若要更改主题，你必须处于主菜单中"},
  {"key": "stats_del_title", "value": "你确定吗？"},
  {"key": "stats_del_desc", "value": "你真的想重置所有统计信息吗？此操作无法撤销！"},
  {"key": "theme_change_title", "value": "更改主题？"},
  {"key": "theme_change_desc", "value": "你想更改主题吗？"},
  {"key": "gui_open_rhistory", "value": "打开回合历史"},
  {"key": "gui_close_rhistory", "value": "关闭回合历史"},
  {"key": "gui_nothing2see", "value": "正在施工中……敬请期待"},
  {"key": "gui_save_stats", "value": "保存统计信息"},
  {"key": "gui_stats_info_01", "value": "- 统计信息在你每次退出游戏时保存，并且每5分钟自动保存一次"},
  {"key": "gui_result", "value": "结果"},
  {"key": "stats_result_leave", "value": "离开"},
  {"key": "stats_result_new", "value": "新回合"},
  {"key": "round_length", "value": "回合长度"},
  {"key": "stats_total_time_fgc", "value": "工坊内总时间"},
  {"key": "gui_stats_info_02", "value": "- 仅在你使用{loaderName}时进行统计跟踪"},
  {"key": "stats_collectables_collected", "value": "收集的收藏品"},
  {"key": "stats_powerup_uses", "value": "强化物品使用次数"},
  {"key": "gui_stats_info_03", "value": "- 统计信息存储在本地设备上"},
  {"key": "stats_save_time_remain", "value": "自动保存剩余时间"},
  {"key": "gui_date", "value": "日期"},
  {"key": "gui_force_reset", "value": "强制重置"},
  {"key": "force_reset_desc", "value": "这将把FGTools状态重置为默认状态，如果你遇到软锁定或一些问题，请使用此选项。<b>这将强制你离开到菜单，如果你在糖豆人工坊中，你的进度将丢失！！</b>"},
  {"key": "fgt_tooltip_12", "value": ""斯滕特里克勋爵，上帝的速跑者，我谦卑地恳求您，在放松的时刻聆听我的请求，以获得快乐和乐趣。帮助游戏的创作者 FGStoola 带回带有 360 度 divami 的游戏，以及让我们心中如此快乐的情绪播放器游戏。FlowL！"},
  {"key": "gui_flzru_img", "value": "搞笑图片"},
  {"key": "gui_deleted_rounds", "value": "已删除"},
  {"key": "gui_deleted_rounds_desc", "value": "*回合名称中的灰色表示该回合已从游戏文件中删除！"},
  {"key": "gui_imgloader_desc", "value": "这是图像加载器，你可以通过URL加载图像或存储在本地设备上的图像"},
  {"key": "gui_imgloader_desc_01", "value": "要加载存储在设备上的图像，请将其放入文件夹并在输入字段中输入其名称"},
  {"key": "gui_imgloader_desc_02", "value": "要通过URL加载图像，请勾选“通过URL”开关并将图像URL填入输入框（例如 https://example.com/example.png/）"},
  {"key": "gui_fgc_hex", "value": "自定义十六进制颜色"},
  {"key": "gui_fgc_hex_set", "value": "设置"},
  {"key": "gui_fgc_hex_preview", "value": "预览"},
  {"key": "gui_fgc_hex_title", "value": "自定义物体颜色"},
  {"key": "gui_fgc_hex_fgc", "value": "游戏十六进制颜色"},
  {"key": "gui_fgc_autosave_in", "value": "关卡自动保存于"},
  {"key": "version_warning_title", "value": "版本检测"},
  {"key": "version_warning", "value": "你的糖豆人已更新。<b>这可能意味着{loaderName}将不再工作</b>\\n\\n请在{loaderName} discord服务器中检查更新并安装任何可用的更新！如果没有并且{loaderName}不工作，请等待发布更新"},
  {"key": "gui_themes_stat_0", "value": "设备上的主题"},
  {"key": "gui_themes_stat_1", "value": "目录中的主题"},
  {"key": "gui_author", "value": "作者"},
  {"key": "gui_unknown", "value": "未知"},
  {"key": "gui_download", "value": "下载"},
  {"key": "gui_theme2download", "value": "要下载的主题"},
  {"key": "gui_theme2download_url", "value": "来源"},
  {"key": "gui_theme2download_size", "value": "下载大小"},
  {"key": "gui_view_themes_catalogue", "value": "查看主题目录"},
  {"key": "gui_viewing", "value": "正在查看"},
  {"key": "gui_web_themes", "value": "主题目录"},
  {"key": "gui_local_themes", "value": "已下载的主题"},
  {"key": "msg_outdated_ver_short", "value": "看起来这个版本已过时！\\n最新版本（{0}）已在{loaderName} discord服务器上提供下载！"},
  {"key": "gui_catalogue_theme_info_0", "value": "欢迎来到在线主题目录"},
  {"key": "gui_catalogue_theme_info_1", "value": "我创建它是为了防止{loaderName}更新文件过大（因为主题文件很大）"},
  {"key": "gui_catalogue_theme_info_2", "value": "- 选择主题后，你将看到一些关于它的信息"},
  {"key": "gui_catalogue_theme_info_3", "value": "- 要下载主题，请按“下载”按钮"},
  {"key": "gui_catalogue_theme_exists", "value": "主题{0}的文件夹已存在。请先删除它"},
  {"key": "gui_theme_download_complete_0", "value": "主题{0}下载完成！"},
  {"key": "gui_theme_download_complete_1", "value": "你现在可以在已下载的主题中选择它"},
  {"key": "gui_memes", "value": "梗图😂🤣"},
  {"key": "gui_download_start_title", "value": "下载开始"},
  {"key": "gui_download_end_title", "value": "下载结束"},
  {"key": "gui_theme_download_start_info", "value": "主题{0}正在下载"},
  {"key": "gui_theme_download_end_info", "value": "主题{0}已成功下载"},
  {"key": "gui_search", "value": "搜索"},
  {"key": "gui_disable_nav", "value": "禁用导航"},
  {"key": "gui_play_explore", "value": "探索 - 工坊"},
  {"key": "gui_fgc_explore_0", "value": "探索中的总回合数"},
  {"key": "gui_fgc_explore_1", "value": "通过FGAnalyst API（cloudseeker.xyz/fga/）获取探索回合"},
  {"key": "gui_cosmetics_search", "value": "搜索装扮"},
  {"key": "stats_qual_times", "value": "总达标次数"},
  {"key": "stats_elim_times", "value": "总淘汰次数"},
  {"key": "stats_win_times", "value": "总胜利次数"},
  {"key": "gui_creative_loader_warning", "value": "注意：某些障碍物和游戏模式可能无法按预期工作"},
  {"key": "gui_cosmetics_search_for", "value": "正在搜索"},
  {"key": "gui_total_found_items", "value": "找到的总项目数"},
  {"key": "gui_cosmetics_search_nothing", "value": "未找到装扮"},
  {"key": "gui_cosmetics_search_err", "value": "搜索错误"},
  {"key": "gui_cosmetics_search_reset", "value": "重置"},
  {"key": "gui_begin_search", "value": "搜索"},
  {"key": "gui_cosmetics_search_live_search", "value": "实时搜索"},
  {"key": "explore_start_title", "value": "开始探索？"},
  {"key": "explore_start_desc", "value": "这会随机加载一个探索回合！"},
  {"key": "critical_error_title", "value": "严重错误"},
  {"key": "critical_error_desc", "value": "{loaderName}遇到了严重错误。请离开游戏并在discord服务器中发送BepInEx日志"},
  {"key": "gui_localization", "value": "语言"},
  {"key": "gui_localization_act0", "value": "更改语言？"},
  {"key": "gui_localization_act1", "value": "你确定吗？"},
  {"key": "gui_localization_act2", "value": "要更改语言，你必须在主菜单中"},
  {"key": "gui_localization_author", "value": "此翻译由"},
  {"key": "gui_download_progress_lang", "value": "获取本地化"},
  {"key": "gui_download_progress_def", "value": "获取{loaderName}信息"},
  {"key": "gui_download_progress_themes", "value": "获取主题"},
  {"key": "gui_download_progress_explore", "value": "获取探索回合"},
  {"key": "gui_download_progress_explore_waiting", "value": "准备获取探索回合。等待FGAnalyst响应"},
  {"key": "gui_downloading_title", "value": "等等！"},
  {"key": "gui_downloading_desc", "value": "{loaderName}需要从互联网获取额外信息。\\n此信息从不存储在你的设备上，这就是为什么每次使用{loaderName}启动游戏时都需要此步骤。\\n\\n稍等片刻，不会太久"},
  {"key": "gui_explore_error_title", "value": "这里没有回合"},
  {"key": "gui_explore_error_desc", "value": "探索回合未加载，请稍后再试"},
  {"key": "gui_fgc_placeholder", "value": "输入关卡分享代码以查看其信息！"},
  {"key": "gui_fgc_not_found", "value": "无法找到该关卡，请确保你正确输入，并重试"},
  {"key": "gui_debug_saved_in", "value": "保存在{loaderName}文件夹中"},
  {"key": "gui_debug_hide", "value": "{0}隐藏"},
  {"key": "gui_debug_new_report", "value": "报告新Bug "},
  {"key": "gui_debug_new_report_desc", "value": "这将在{loaderName}文件夹中创建包含所有有用信息的报告"},
  {"key": "gui_debug_new_report_success", "value": "Bug报告保存在{loaderName}文件夹中"},
  {"key": "gui_debug_new_report_fail", "value": "无法创建Bug报告"},
  {"key": "gui_debug_report_folder", "value": "报告文件夹"},
  {"key": "gui_themes_catalogue_empty", "value": "目录为空"},
  {"key": "gui_select", "value": "选择"},
  {"key": "gui_catalogue_theme_exists_new", "value": "此主题的文件夹已存在。它将被删除！"},
  {"key": "gui_theme_download_progress", "value": "正在下载主题\"{0}\"。稍等片刻"},
  {"key": "gui_complete", "value": "完成"},
  {"key": "gui_theme_download_error", "value": "无法下载主题"},
  {"key": "gui_theme_download_error_0", "value": "以下是可能发生此问题的常见原因"},
  {"key": "gui_theme_download_error_1", "value": "- 网络问题"},
  {"key": "gui_theme_download_error_2", "value": "- 主题文件已从服务器中移除"},
  {"key": "gui_theme_download_error_3", "value": "- 包含主题文件的服务器可能已关闭"},
  {"key": "gui_theme_download_error_4", "value": "- 距离你的电脑爆炸仅剩10分钟！！！"},
  {"key": "gui_error_we_got", "value": "我们遇到了一些小问题"},
  {"key": "gui_theme_selected_error", "value": "无法下载此主题，因为它已被选中，请选择另一个主题并重试"},
  {"key": "gui_round_options", "value": "回合规则"},
  {"key": "gui_round_options_pcount", "value": "玩家数量"},
  {"key": "gui_round_options_pcount_desc", "value": "对某些回合有用（如蜂窝迷环）"},
  {"key": "gui_round_options_timer", "value": "启用计时器？"},
  {"key": "gui_round_options_timer_limit", "value": "回合长度"},
  {"key": "gui_minutes", "value": "分"},
  {"key": "gui_seconds", "value": "秒"},
  {"key": "gui_round_options_seed", "value": "回合种子"},
  {"key": "gui_round_options_seed_desc", "value": "如果为空或0，种子将随机选择"},
  {"key": "gui_save_apply", "value": "保存并应用"},
  {"key": "gui_round_options_hardmode", "value": "困难模式"},
  {"key": "gui_round_options_timer_limit_desc", "value": "如果未设置时间，将使用默认回合时间。"},
  {"key": "gui_debug_as_zip", "value": "创建为压缩文件"},
  {"key": "newsfeed_beta_private_title", "value": "欢迎来到封闭的{loaderName}测试版"},
  {"key": "newsfeed_beta_private_desc", "value": "你已经知道该做什么了，继续吧！"},
  {"key": "gui_up_prompt", "value": "你正在探索模式中游玩。要选择回合，请返回主菜单"},
  {"key": "gui_debug_press_again", "value": "再次按下{0}以打开调试信息"},
  {"key": "gui_theme_dir", "value": "主题目录"},
  {"key": "gui_theme_del", "value": "删除主题"},
  {"key": "gui_theme_delete_title", "value": "删除主题\"{0}\"？"},
  {"key": "gui_theme_delete_desc", "value": "你确定吗？"},
  {"key": "gui_play_explore_unity", "value": "探索 – 官图"},
  {"key": "gui_play_explore_endless", "value": "探索 - 无尽"},
  {"key": "gui_explore_endless_title", "value": "什么是无尽探索？"},
  {"key": "gui_explore_endless_desc", "value": "无尽探索是官图和工坊图的混合。你有50%的几率获得官图或工坊图"},
  {"key": "gui_explore_desc_base", "value": "{loaderName}中的探索如何工作？\\n- 你可以像在基础游戏中一样跳过回合\\n- 你可以在配置中按类型过滤回合\\n- 在生存回合中，你的时间限制设置将被忽略\\n- 要停止玩探索回合，请使用暂停菜单或{loaderName} GUI"},
  {"key": "gui_explore_unity_title", "value": ""},
  {"key": "gui_explore_unity_desc", "value": ""},
  {"key": "gui_localization_faq_title", "value": "如何翻译{loaderName}？"},
  {"key": "gui_localization_faq_desc", "value": "- （此方法已过时——译者注）在Localization文件夹中创建一个带有所需语言代码的新文件夹（如果需要，请参考assets中的language-codes.csv）。\\n- 从现有本地化文件夹复制\"locale.csv\"并将其放入你的新文件夹中。\\n- 通过任何CSV编辑器打开\"locale.csv\"并更改任何你想要的内容。\\n- 完成后，以UTF-8编码保存更改（应为默认设置）。\\n- 要在游戏中使用你的本地化，请在配置中为\"Localization File Name\"指定文件夹名称，或使用{loaderName} GUI。\\n- 如果你想翻译配置描述和制作人员，请从现有本地化中复制特定文件（credits.txt和config-descs.txt）并将它们放入你的本地化文件夹中，然后以同样的方式翻译它们。\\n- 欢迎在{loaderName} Discord服务器上提交你的翻译。它们很可能会在下次更新中包含在模组中。"},
  {"key": "gui_themes_faq_title", "value": "如何制作主题？"},
  {"key": "gui_themes_faq_desc", "value": ""},
  {"key": "gui_themes_catalogue_faq_title", "value": "如何将我的主题添加到目录中？"},
  {"key": "gui_themes_catalogue_faq_desc", "value": "在discord服务器中发送主题文件，如果足够好，它将被添加。"},
  {"key": "gui_btn_got_it", "value": "明白了！"},
  {"key": "gui_localization_lang_dir", "value": "语言目录"},
  {"key": "gui_ugc_show_tab", "value": "自定义节目"},
  {"key": "gui_ugc_show_about", "value": "自定义节目是由{loaderName}用户制作的节目。"},
  {"key": "gui_show_no_rounds_title", "value": "无法找到任何要游玩的回合！"},
  {"key": "gui_show_no_rounds_desc", "value": "请检查你的回合过滤器和节目回合池。"},
  {"key": "failed_desc_new", "value": "我们都有不顺利的时候……"},
  {"key": "gui_page", "value": "页"},
  {"key": "gui_out_of", "value": "共"},
  {"key": "fgc_temp_request_ban", "value": "你向糖豆人服务器发送请求过于频繁，这可能会导致糖豆人服务器临时封禁你的IP"},
  {"key": "ratelimited_title", "value": "频率限制！"},
  {"key": "fgc_temp_request_ban_1", "value": "正如我已经说过的，你不能在这么短的时间内发送这么多请求。你明白我在说什么吗？"},
  {"key": "fgc_temp_request_ban_2", "value": "孩子们，这并不好笑。"},
  {"key": "fgc_temp_request_ban_3", "value": "你会后悔的..."},
  {"key": "fgc_temp_request_ban_desc", "value": "为了你的安全，在此之前你不能发送新请求"},
  {"key": "gui_random_no_rounds", "value": "无法找到任何要加载的回合。"},
  {"key": "changelog_limit_new", "value": "{outLines}个更改未在此列出。在discord服务器中查看完整更新日志！"},
  {"key": "gui_download_progress_playlists", "value": "获取用户制作的节目"},
  {"key": "gui_preset_first_wheel", "value": "第一转盘选项"},
  {"key": "gui_preset_second_wheel", "value": "第二转盘选项"},
  {"key": "gui_preset_phrase", "value": "短语"},
  {"key": "gui_preset_emoticon", "value": "表情符号"},
  {"key": "gui_preset_date", "value": "创建日期"},
  {"key": "gui_show_unnamed", "value": "未命名节目"},
  {"key": "gui_show_onlyon", "value": "仅限阶段"},
  {"key": "gui_show_cannotbe", "value": "不可在阶段"},
  {"key": "gui_round_unnamed", "value": "未命名回合"},
  {"key": "gui_fgc_local_autosaves", "value": "工坊自动保存"},
  {"key": "gui_fgc_local_autosaves_desc", "value": "每次你的关卡被{loaderName}自动保存时，它的本地副本会在{loaderName}文件夹中创建。你始终可以通过选择它返回到此副本。"},
  {"key": "gui_local_save_load", "value": "加载保存"},
  {"key": "gui_local_save_create", "value": "保存当前关卡"},
  {"key": "gui_local_save_del_all", "value": "删除所有保存"},
  {"key": "gui_local_save_checksum_fail_title", "value": "无法验证关卡"},
  {"key": "gui_local_save_checksum_fail_desc", "value": "很可能关卡已被外部修改，这是不被允许的。撤销对关卡所做的所有更改并尝试再次加载它。"},
  {"key": "gui_local_save_generic_error_title", "value": "对不起！"},
  {"key": "gui_local_save_generic_error_desc", "value": "加载自动保存时出了点问题。如果你无法自行解决此问题，请在{loaderName} discord服务器中寻求帮助。你也可以在游戏重启后尝试再次加载此保存，这可能会有帮助"},
  {"key": "gui_local_save_missing_error_title", "value": "未找到关卡"},
  {"key": "gui_local_save_missing_error_desc", "value": "未找到已保存的关卡。也许你移动或删除了它？"},
  {"key": "gui_local_save_metadata_error_title", "value": "未找到关卡数据"},
  {"key": "gui_local_save_metadata_error_desc", "value": "选择另一个关卡"},
  {"key": "gui_local_save_menu_error_title", "value": "不在菜单中"},
  {"key": "gui_local_save_menu_error_desc", "value": "若要加载自动保存，你必须处于主菜单中。"},
  {"key": "gui_delete_local_saves_title", "value": "删除所有本地保存的关卡？"},
  {"key": "gui_delete_local_saves_desc", "value": "所有本地保存的关卡将被删除，你的游戏将关闭。"},
  {"key": "gui_local_save_fresh_warn", "value": "你可能无法保存此关卡！"},
  {"key": "gui_cosmetics_search_as_list", "value": "以列表形式查看结果"},
  {"key": "gui_local_save_no_saves", "value": "还没有保存的关卡！"},
  {"key": "gui_fgc_autosave_result", "value": "自动保存结果《{0}》"},
  {"key": "gui_fgc_autosave_going", "value": "正在保存关卡..."},
  {"key": "gui_local_save_del_level", "value": "删除此关卡的存档"},
  {"key": "gui_local_save_del_level_title", "value": "删除关卡《{0}》的所有存档？"},
  {"key": "gui_local_save_del_level_desc", "value": "关卡《{0}》的所有存档将被删除。这包括{1}个存档。"},
  {"key": "gui_local_save_del_save", "value": "删除选定的存档"},
  {"key": "gui_local_save_del_save_title", "value": "删除存档《{0}》？"},
  {"key": "gui_local_save_del_save_desc", "value": "关卡《{1}》的存档《{0}》将被删除。"},
  {"key": "gui_space_after_deletion", "value": "删除后将释放你磁盘上的《{0}》空间"},
  {"key": "gui_deletion_generic_warning", "value": "<b>此操作无法撤销！</b>"},
  {"key": "gui_local_save_stat_level", "value": "关卡信息"},
  {"key": "gui_local_save_stat_0", "value": "所属关卡"},
  {"key": "gui_local_save_stat_1", "value": "保存于"},
  {"key": "gui_local_save_stat_2", "value": "关卡状态"},
  {"key": "gui_local_save_stat_3", "value": "关卡版本"},
  {"key": "unable_to_find_round_scene", "value": "看起来此回合使用的场景《{0}》已从游戏文件中移除，无法加载"},
  {"key": "gui_cosmetics_search_as_list_title", "value": "搜索结果将显示在此处！"},
  {"key": "gui_local_save_info_placeholder", "value": "关卡信息将显示在此处！"},
  {"key": "credits_main_section", "value": "{loaderName}"},
  {"key": "credits_dev_section", "value": "{loaderName} 开发"},
  {"key": "credits_translators_section", "value": "翻译人员"},
  {"key": "credits_playtesting_section", "value": "游戏测试"},
  {"key": "credits_special_section", "value": "特别鸣谢"},
  {"key": "gui_localization_note", "value": "注意：{loaderName}仅对以下语言有<color=grey>{0}</color>种官方翻译：<color=grey>{1}</color>。\\n任何其他翻译均由{loaderName}用户贡献，这意味着它们可能已过时或不完全正确"},
  {"key": "content_err_title", "value": "内容下载失败"},
  {"key": "content_err_desc", "value": "内容下载过程中出现问题……请检查您的网络连接并重试，如果错误仍然存在，请至Discord服务器寻求帮助。错误信息：{0}"},
  {"key": "content_err_ok", "value": "重试"},
  {"key": "content_err_cancel", "value": "关闭游戏"},
  {"key": "new_gui_err_title", "value": "无法正确显示GUI"},
  {"key": "new_gui_err_desc", "value": "尝试绘制GUI时出现问题。这很可能意味着您将无法访问 {loaderName} UI或UI显示不正确。如果您在 Fall Guys 更新后收到此错误，请等待{loaderName} 发布更新，否则请至 Discord 服务器寻求帮助。\n\n错误信息：{0} "},
  {"key": "gui_localization_author_v2", "value": "译者: {0} | 上次更新: {1}"},
  {"key": "gui_disabled_feature", "value": "抱歉！此功能目前已禁用\n请查看Discord服务器获取更多信息"},
  {"key": "server_generic_error_title", "value": "出现了一些小问题"},
  {"key": "server_host_error", "value": "由于错误，我们无法连接服务器，请尝试重启游戏。"},
  {"key": "server_join_error", "value": "目前无法加入服务器，请检查与主机的连接并尝试重启游戏。"},
  {"key": "gui_lan_multiplayer", "value": "局域网多人游戏"},
  {"key": "lan_ip_field_holder", "value": "服务器IP"},
  {"key": "lan_port_field_holder", "value": "服务器端口"},
  {"key": "lan_players_field_holder", "value": "大厅人数"},
  {"key": "gui_server_host", "value": "连接服务器"},
  {"key": "gui_server_join", "value": "加入服务器"},
  {"key": "gui_server_shutdown", "value": "关闭服务器"},
  {"key": "latest_preset_set_title", "value": "预设已自动应用"},
  {"key": "latest_preset_set_desc", "value": "预设\"{0}\"根据设置已自动应用"},
  {"key": "gui_fgc_explore_1_v2", "value": "通过Fall Guys API直接获取探索回合"},
  {"key": "gui_download_progress_content", "value": "获取{loaderName}内容"},
  {"key": "gui_only_in_menu", "value": "此功能仅在主菜单中可用"},
  {"key": "gui_unavailable_here", "value": "此功能目前不可用"},
  {"key": "gui_play_selected", "value": "玩选定的回合！"},
  {"key": "server_join_update_title", "value": "需要更新"},
  {"key": "server_join_update_desc", "value": "您尝试加入的服务器主机在较新的 {loaderName} 版本上！请更新您的 {loaderName} 版本以匹配主机版本，防止出现游戏中的问题"},
  {"key": "server_host_update_title", "value": "告诉主机更新"},
  {"key": "server_host_update_desc", "value": "您尝试加入的服务器主机在较旧的 {loaderName} 版本上！确保主机运行与您相同的版本，防止出现游戏中的问题。"},
  {"key": "server_join_version_difference_title", "value": "版本差异"},
  {"key": "server_join_version_difference_desc", "value": "您尝试加入的服务器托管在不同的 {loaderName} 版本上！确保您和主机运行相同的 {loaderName} 版本（构建 ID 应匹配）以防止游戏中的问题。\\n要检查您的构建 ID，请打开调试信息"},
  {"key": "server_fatal_error_title", "value": "致命错误"},
  {"key": "server_fatal_error_desc", "value": "服务器遇到致命错误，无法继续运行。\\n检查日志以获取详细信息并报告此问题"},
  {"key": "gui_ui_in_locker", "value": "在储物柜中时无法切换 UI，请先关闭储物柜"},
  {"key": "gui_missing_round", "value": "您尝试加载的回合 \"{0}\" 无法找到，请检查 ID 是否拼写正确"},
  {"key": "gui_error_msg_v2", "value": "在 {loaderName} Discord 服务器中报告此错误，并解释导致此错误的原因，请提供按 {0} 可获得的调试信息"},
  {"key": "fgt_tooltip_13", "value": "如果您想玩 {loaderName} 但上帝说尝试读取或写入受保护的内存。这通常表明其他内存已损坏。"},
  {"key": "pre_release_warn_title", "value": "提醒"},
  {"key": "pre_release_warn_desc", "value": "您正在玩的版本处于预发布状态，如果出现问题请报告"},
  {"key": "gui_local_save_no_levels_title", "value": "没有关卡"},
  {"key": "gui_local_save_no_levels_desc", "value": "未找到要删除的保存关卡。"},
  {"key": "img2fgc_no_levels", "value": "未找到关卡，在使用此操作之前请先打开关卡选择器"}
]
