[
  {"key": "menuenter_title", "value": "{loaderName} 已安装!"},
  {"key": "menuenter_desc", "value": "{loaderName} 已成功安装！\\n如要启用模组面板，请按\"继续\"按钮或 {1} 热键。请记住，这是模组测试版本，可能包含一些意外错误！如果你想向我们反馈错误或者提出建议，请前往我们的Discord服务器{discordUrl}\\n 玩得愉快！"},
  {"key": "menuenter_desc_offline", "value": "加载器正以离线模式运行！一些功能可能无法使用。"},
  {"key": "continue_btn", "value": "继续"},
  {"key": "close_btn", "value": "关闭"},
  {"key": "fgc_title", "value": "请继续"},
  {"key": "fgc_desc", "value": "你正处于“嗨皮秀”模式中，请使用“叠加场景”模式加载场景，或者离开嗨皮秀再重试。"},
  {"key": "fgc_ok_btn", "value": "好的"},
  {"key": "config_title", "value": "哎呀……"},
  {"key": "config_desc", "value": "配置的值出错！请确保配置无误，或配置已经更新到最新版本。\\n\\n错误： {0}\\n\\n如果你无法自行修复此错误，请删除自定义配置并使用模组提供的默认配置（您可在{loaderName}文件夹中找到它）"},
  {"key": "failedscene_title", "value": "加载此回合时遇到错误！"},
  {"key": "failedscene_desc", "value": "此回合使用的场景 \" {0}\" 在此版本中丢失\\n"},
  {"key": "failedscene_success", "value": "模组将加载上一回合 （{0}） 。"},
  {"key": "failedscene_failed", "value": "你将回到主菜单"},
  {"key": "img2fgc_title", "value": "警告！"},
  {"key": "img2fgc_desc", "value": "在使用此工具之前，请阅读下面的文本！\\n\\n<b><size=27>使用教程</size></b>\\n在“图像名称”中输入位于 imgToFGC 文件夹中的图像名称(包括后缀)\\n宽度/高度是图像在关卡中的大小\\n请记住，只有在生成关卡并打开嗨皮秀中的“载入”选项卡后，才能按“替换现有地图”按钮\\n\\n按下此按钮后，<b>所有现有关卡</b>都将被带有图像的地图替换，如果您在加载生成的图像关卡时保存关卡，您的原始关卡<b>将永远丢失</b>！如果您想返回原始关卡，请退出生成的地图并重新进入\\n\\n您也可以编辑FallGuysTools文件夹中“colors.JSON”来修改JSON生成的颜色"},
  {"key": "img2fgc_btn_ok", "value": "我已阅读此文本\\n并且了解其中的风险"},
  {"key": "img2fgc_btn_close", "value": "我不想使用此工具"},
  {"key": "piracy_title", "value": "免责声明：我们严厉抵制盗版行为"},
  {"key": "piracy_desc", "value": "根据相关法律法规，盗版《糖豆人》是严重的违法行为\\n请立即退出游戏并删除此模组。"},
  {"key": "piracy1_title", "value": "严重错误"},
  {"key": "piracy1_desc", "value": "在运行时《糖豆人》遇到错误，如果您选择不重启游戏并继续游玩，性能可能会受到影响。"},
  {"key": "gui_hotkeys", "value": "快捷键：{0}光标， {1}模组面板， {2} 调试面板，{3} 自由飞行模式， {4} 重生, {5} 存档， {6} 自由相机， {7} 重置存档点"},
  {"key": "gui_show_loader", "value": "专题加载器"},
  {"key": "gui_gen_cms_list", "value": "生成回合列表（在FGTools文件夹中）"},
  {"key": "gui_print_show_list", "value": "生成专题节目列表"},
  {"key": "gui_play", "value": "游玩"},
  {"key": "gui_random_round", "value": "随机回合"},
  {"key": "gui_menu", "value": "主菜单"},
  {"key": "gui_fix_obstacles", "value": "修复障碍"},
  {"key": "gui_hotkey_edit", "value": "编辑快捷键"},
  {"key": "gui_ui", "value": "UI"},
  {"key": "gui_toggle_cursor", "value": "唤起光标"},
  {"key": "gui_toggle_ui", "value": "唤起UI面板"},
  {"key": "gui_toggle_img2fgc", "value": "Img2Fgc UI"},
  {"key": "gui_toggle_ffm", "value": "自由飞行模式"},
  {"key": "gui_toggle_media", "value": "媒体UI面板"},
  {"key": "gui_gameplay", "value": "游戏玩法"},
  {"key": "gui_respawn", "value": "重生"},
  {"key": "gui_checkpoint", "value": "检查点"},
  {"key": "gui_fc", "value": "自由相机"},
  {"key": "gui_toggle_fc", "value": "唤起自由相机"},
  {"key": "gui_pause_fc", "value": "暂停自由相机"},
  {"key": "gui_move_up", "value": "上升"},
  {"key": "gui_move_down", "value": "下降"},
  {"key": "gui_move_forward", "value": "前进"},
  {"key": "gui_exit", "value": "退出"},
  {"key": "gui_show_loader_desc", "value": "这是一个专题节目加载器。你可以游玩任何节目的回合池，随机回合将仅会从此节目的回合池中选择。"},
  {"key": "gui_old_list", "value": "你的回合列表已过时，请单击此处更新"},
  {"key": "gui_update_list", "value": "更新列表"},
  {"key": "gui_print_round_list", "value": "生成专题节目列表"},
  {"key": "gui_gen_round_list", "value": "生成回合列表"},
  {"key": "gui_cms_loader", "value": "回合加载器"},
  {"key": "gui_edit_hotkeys", "value": "编辑快捷键"},
  {"key": "gui_single_load", "value": "加载关卡"},
  {"key": "gui_additive_load", "value": "叠加关卡"},
  {"key": "gui_input_wait_1", "value": "请按任意键…"},
  {"key": "gui_input_wait_2", "value": "按[ESC]取消"},
  {"key": "gui_img2fgc", "value": "像素绘图器（利用填充地面绘图）"},
  {"key": "gui_img2fgc_img_name", "value": "图像名称"},
  {"key": "gui_folder", "value": "文件夹"},
  {"key": "gui_img2fgc_wh", "value": "宽度／高度"},
  {"key": "gui_img2fgc_should_del_black", "value": "删除黑色像素"},
  {"key": "gui_img2fgc_should_del_white", "value": "删除白色像素"},
  {"key": "gui_img2fgc_digital", "value": "数字主题填充地面"},
  {"key": "gui_img2fgc_gen_level", "value": "生成关卡"},
  {"key": "gui_img2fgc_replace", "value": "替换现有地图"},
  {"key": "gui_img2fgc_credits", "value": "Img2Fgc由 Twitter@repinek840 制作"},
  {"key": "request_error_2", "value": "你的装扮已保存，但是…"},
  {"key": "request_error_save_config_2", "value": "你装备了未拥有的装扮。请记住，重启游戏时你的装扮将被重置。在游戏关闭前大厅里的每个人都可以看到你的装扮，你也可以正常加载任何回合。"},
  {"key": "gui_save_into_config", "value": "保存到配置文件"},
  {"key": "gui_rotate_speed", "value": "旋转速度"},
  {"key": "gui_move_down_speed", "value": "下降速度"},
  {"key": "gui_move_up_speed", "value": "上升速度"},
  {"key": "gui_move_speed", "value": "移动速度"},
  {"key": "gui_ffm_settings", "value": "自由飞行设置"},
  {"key": "gui_ffm_hotkeys", "value": "{0}上升，{1}下降，{ffmMoveHotkey}前进"},
  {"key": "gui_media_load", "value": "加载"},
  {"key": "gui_img_loader", "value": "图像加载器"},
  {"key": "gui_fc_settings", "value": "自由相机设置"},
  {"key": "gui_zoom_speed", "value": "变焦速度"},
  {"key": "gui_sensivity", "value": "灵敏度"},
  {"key": "gui_stats", "value": "统计数据"},
  {"key": "gui_fc_pos", "value": "位置"},
  {"key": "gui_fov", "value": "焦距"},
  {"key": "gui_fc_hotkeys", "value": "{0}退出，{1}暂停，鼠标滚轮缩放，{2}上升，{3}下降"},
  {"key": "gui_near_fg", "value": "糖豆人附近"},
  {"key": "gui_follow_fg_pos", "value": "重置糖豆人位置"},
  {"key": "gui_destroy_all", "value": "全部销毁"},
  {"key": "confirm_title", "value": "是否确定？"},
  {"key": "confirm_desc", "value": "是否执行此操作？"},
  {"key": "failed_title", "value": "失败"},
  {"key": "failed_desc", "value": "此操作出错。\\n错误：{0}"},
  {"key": "gui_as_cube", "value": "立方体"},
  {"key": "gui_url_load", "value": "链接导入"},
  {"key": "gui_run_qual", "value": "达标啦！"},
  {"key": "gui_run_resetmsg", "value": "长按{0}键{1}秒以重置"},
  {"key": "spqual_title", "value": "你达标了！"},
  {"key": "spqual_desc", "value": "是否保存此关卡的当前运行时间？它将被保存为此关卡的最佳时间。"},
  {"key": "spqual_desc2", "value": "最佳成绩: {0} | 当前成绩: {1}"},
  {"key": "gui_best_time", "value": "最佳时间"},
  {"key": "gui_run_elim", "value": "出局啦！"},
  {"key": "gui_run_win", "value": "大获全胜!"},
  {"key": "gui_run_info", "value": "运行信息"},
  {"key": "gui_fc_pause", "value": "暂停"},
  {"key": "gui_reset_run", "value": "重置"},
  {"key": "spqual_title2", "value": "继续吗?"},
  {"key": "spqual_desc3", "value": "是否重试此回合？若选择“取消”则随机下一回合。"},
  {"key": "gui_vid_loader", "value": "视频加载器"},
  {"key": "gui_discord_btn", "value": "Discord服务器"},
  {"key": "load_ugc", "value": "你不能加载此回合，因为它是工坊回合。当前， {loaderName} 不支持工坊回合加载……\\n您可以随时使用此代码 {0} 查找"},
  {"key": "null_secene", "value": "此关卡未包含足够的场景内容！"},
  {"key": "unable_to_find", "value": "无法找到关卡 {roundToFind}"},
  {"key": "unable_to_find_path", "value": "此路径下无文件！"},
  {"key": "gui_options", "value": "选项"},
  {"key": "gui_wait", "value": "等待..."},
  {"key": "gui_open_config", "value": "打开配置文件"},
  {"key": "gui_basic_o", "value": "默认选项"},
  {"key": "gui_gp_o", "value": "游玩选项"},
  {"key": "gui_round_loading", "value": "回合加载"},
  {"key": "gui_round_intro", "value": "游玩介绍"},
  {"key": "gui_hotkeys_gp", "value": "游戏内快捷键: {0} 自由飞行模式, {1} 重生, {2} 存档, {3} 自由相机, {4} 重置检查点位置"},
  {"key": "gui_hotkeys_ui", "value": "UI快捷键: {0} 唤起光标, {1} 唤起UI, {2} 唤起像素绘图器UI, {3} 唤起音频UI"},
  {"key": "unable_to_load_img", "value": "由于错误，无法加载图像："},
  {"key": "unable_to_spawn", "value": "无法生成糖豆人 :("},
  {"key": "unable_to_find_show", "value": "无法找到节目 {0}"},
  {"key": "intro_skip_msg", "value": "按住 {0} {1}秒，跳过关卡预览"},
  {"key": "revert_changes", "value": "恢复更改"},
  {"key": "dropdown_placeholder", "value": "选择……"},
  {"key": "inputfield_placeholder", "value": "输入……"},
  {"key": "gui_loader", "value": "主要加载器"},
  {"key": "gui_edit_config_title", "value": "编辑配置"},
  {"key": "gui_media_tools_title", "value": "媒体工具"},
  {"key": "in_development", "value": "正在施工！以后再来看看吧……"},
  {"key": "gui_search_round", "value": "搜索回合（关卡名）"},
  {"key": "gui_search_show", "value": "搜索节目（节目名）"},
  {"key": "gui_show_image", "value": "显示图标"},
  {"key": "gui_desc", "value": "介绍： \\n"},
  {"key": "gui_total_rounds", "value": "列表回合数"},
  {"key": "gui_total_ids", "value": "回合变种数"},
  {"key": "gui_selected_show", "value": "选择节目"},
  {"key": "gui_loaded_show", "value": "加载节目"},
  {"key": "gui_possible_show_rounds", "value": "可用回合"},
  {"key": "gui_open_fgdb", "value": "在FallGuysDB上显示"},
  {"key": "gui_config_about", "value": "在此页面上，您可以使用配置文件执行基本操作。"},
  {"key": "gui_config_about_0", "value": "·刷新配置 -刷新所有配置设置,每次加载场景时都会调用"},
  {"key": "gui_config_about_1", "value": "·刷新UI界面 -刷新下拉菜单和列表中的信息，在切换游戏语言后使用此功能可防止出现问题"},
  {"key": "gui_config_about_2", "value": "·打开配置文件 -不太确定..."},
  {"key": "gui_config_about_3", "value": "正在施工中……"},
  {"key": "gui_credits", "value": "制作人员"},
  {"key": "gui_refresh_config", "value": "刷新配置"},
  {"key": "gui_refresh_gui", "value": "刷新GUI信息"},
  {"key": "gui_img2fgc_tab", "value": "像素绘图器"},
  {"key": "gui_rl_advenced", "value": "旧版加载器"},
  {"key": "gui_rl_a_inputholder", "value": "输入CMS回合ID…… (例：round_door_dash 闯门冲关)"},
  {"key": "gui_rl_desc", "value": "这是回合加载器。你可以在没有时间限制的情况下玩任何回合及变种，玩得开心。"},
  {"key": "gui_rla_desc", "value": "这是旧版的回合加载器，它的使用方式与V1.3.0之前的相同，必须输入CMS回合ID才能加载关卡。"},
  {"key": "gui_img2fgc_desc", "value": "Img2fgc是一个利用填充地面来创建图像关卡的工具。如果你的图像的宽度和高度太大，这将使你无法保存你的关卡<b>图像过大会导致性能降低!</b>"},
  {"key": "img2fgc_uhh", "value": "先生成一个关卡!"},
  {"key": "gui_config_about_4", "value": "·清除事件 -清除所有已完成的事件（例：主菜单弹出窗口）"},
  {"key": "gui_clear_evt", "value": "清除事件"},
  {"key": "preset_holder", "value": "预设名称"},
  {"key": "newpreset_title", "value": "另存为新预设…"},
  {"key": "newpreset_desc", "value": "-个性化预设可以让你轻松地在不同个性化服装之间切换\\n-个性化预设支持通过\"添加所有个性化服装\"添加的个性化选项\\n-即使在游戏中，你也可以通过预设更换服装\\n-个性化预设文件位于模组的\"Presets\"文件夹中"},
  {"key": "gui_presets", "value": "个性化预设"},
  {"key": "gui_presets_title", "value": "重置个性化"},
  {"key": "gui_preset_delete_act", "value": "删除名称为“ {0} ”的预设文件，删除后无法恢复。"},
  {"key": "gui_del_videos_act", "value": "删除场景内所有视频"},
  {"key": "gui_del_images_act", "value": "删除场景内所有图像"},
  {"key": "gui_delete_preset", "value": "删除预置"},
  {"key": "gui_use_preset", "value": "使用预置"},
  {"key": "gui_presets_desc", "value": "个性化预设可以让你轻松地在各种个性化选项之间切换。\\n你可以在游戏中使用它们。点击“新建预设”按钮创建新的预设。"},
  {"key": "gui_default_load", "value": "你想从这样做中得到什么?"},
  {"key": "gui_new_preset", "value": "新预设"},
  {"key": "gui_rl_block", "value": "回合加载器被封锁，等待生成<b>完成</b>或<b>重试</b>!"},
  {"key": "gui_error_msg", "value": "在Discord {loaderName} 服务器中报告此错误，描述你如何获得它，明白？"},
  {"key": "gui_fix_obstacles_error", "value": "由于错误而无法修复某些障碍:"},
  {"key": "gui_error_0", "value": "你还能玩"},
  {"key": "gui_error_1", "value": "您将返回菜单"},
  {"key": "gui_cancel_loading", "value": "取消加载并返回菜单"},
  {"key": "fgt_eac_error", "value": "当你使用模组时EAC将禁用！要重返服务器，你必须卸载bepinex并在游戏平台验证游戏文件，恢复EAC。"},
  {"key": "gui_del_list", "value": "删除现有回合列表"},
  {"key": "offline_log_title", "value": "你正处于离线模式。"},
  {"key": "offline_log_desc", "value": "想要启用离线模式，在断网时使用 {loaderName} ？所有在线功能将被禁用，直到您禁用离线模式。"},
  {"key": "online_log_title", "value": "你正处于在线模式。"},
  {"key": "online_log_desc", "value": "但离线模式仍然启用，切换为在线模式吗?"},
  {"key": "cmsload_failed", "value": "由于错误，无法开始回合加载"},
  {"key": "sp_qual_disabled_title", "value": "嗨！"},
  {"key": "sp_qual_disabled_desc", "value": "你已回合达标，意味着你无法完成计时器速通。启用吗?"},
  {"key": "gui_error_2", "value": "游戏将关闭"},
  {"key": "gui_pizzatowerreference", "value": "圈数:"},
  {"key": "gui_found_results", "value": "找到的回合数"},
  {"key": "gui_preset_color", "value": "颜色"},
  {"key": "gui_preset_pattern", "value": "花纹"},
  {"key": "gui_preset_upper", "value": "顶部个性化选项"},
  {"key": "gui_preset_bottom", "value": "底部个性化选项"},
  {"key": "gui_preset_full", "value": "所有个性化选项"},
  {"key": "gui_preset_faceplate", "value": "面部"},
  {"key": "gui_preset_win_anim", "value": "胜利动画"},
  {"key": "gui_preset_nickname", "value": "昵称"},
  {"key": "gui_preset_nameplate", "value": "铭牌"},
  {"key": "gui_preset_emotes", "value": "表情"},
  {"key": "gui_preset_info", "value": "重置信息"},
  {"key": "gui_restart_title", "value": "必须重启游戏"},
  {"key": "gui_restart_desc", "value": "要应用更改必须重启游戏，现在吗?"},
  {"key": "gui_reload_title", "value": "必须重新加载场景"},
  {"key": "gui_reload_desc", "value": "要改变效果必须重新加载场景，现在吗?"},
  {"key": "gui_unable_get_name", "value": "无法获取名称"},
  {"key": "old_fgtools_title", "value": "嗨！"},
  {"key": "old_fgtools_desc", "value": "似乎安装了旧版本的FGTools，请确保在使用当前版本之前完全删除它。在弹出窗口中按“OK”键后，将打开一个插件的目录。删除名为“FallGuysTools”的文件夹并再次启动游戏。"},
  {"key": "gui_move_team", "value": "随机到其他队伍"},
  {"key": "speedrunneralert_title", "value": "致敬爱的速通豆："},
  {"key": "speedrunneralert_desc", "value": "您已经游玩 {0} 太久了。或许您需要休息一会，去室外活动活动，放松眼睛吧！\\n\\n别担心，这是我们为你制作的提示窗口，它不会再出现了！\\n身体健康比成绩更重要！\\n\\n"},
  {"key": "speedrunneralert_cancel", "value": "不用了"},
  {"key": "speedrunneralert_accept", "value": "好的，谢谢"},
  {"key": "gui_speedrunner_popup_alert", "value": "好事即将来临……"},
  {"key": "gui_speedrunner_popup_alert_1", "value": "确保不忙于速通"},
  {"key": "disabledsetting_title", "value": "部分配置设置已被禁用！"},
  {"key": "disabledsetting_desc", "value": "以下设置： {0} 本回合禁用或改为默认值"},
  {"key": "msg_tip", "value": "提示"},
  {"key": "msg_tip_ffm", "value": "你可以通过按下 {1} 来编辑你的速度"},
  {"key": "msg_tip_fc", "value": "WASD移动镜头，鼠标旋转镜头，鼠标滚轮进行缩放变焦，按下 {0} 切换 PAUSE（暂停）\\n\\n按下 {1} 编辑设置"},
  {"key": "msg_outdated_ver_title", "value": "版本过时！"},
  {"key": "msg_outdated_ver", "value": "这个版本已经过时了！最新版本（{0}）已经可以在 {loaderName} Discord 服务器上下载了！（可以继续使用当前版本，但建议更新）"},
  {"key": "msg_old_spc_possible", "value": "你可以在配置中启用整个场景重载"},
  {"key": "changelog_for", "value": "版本更新日志"},
  {"key": "changelog_limit", "value": "...还有 {0} 更多更改... -请在Discord服务器中查看完整更新日志！"},
  {"key": "changelog_title", "value": "更新日志"},
  {"key": "cgm_error", "value": "制作游戏管理器时出现错误"},
  {"key": "debug_msg", "value": "请在报告错误时附加此信息"},
  {"key": "debug_title", "value": "调试信息"},
  {"key": "fgc_length", "value": "回合密钥长度必须为<b>14</b>个字符。但我们得到了"},
  {"key": "fgc_error", "value": "准备加载回合时发生错误"},
  {"key": "fgc_missing", "value": "也许此回合并不存在"},
  {"key": "fgc_missing_template", "value": "无法找到此回合的模板"},
  {"key": "gui_error_3", "value": "您将留在主页面中"},
  {"key": "gui_creative_loader", "value": "工坊回合(BETA)"},
  {"key": "gui_creative_loader_desc", "value": "占位符"},
  {"key": "code_input_holder", "value": "回合代码(例：0000-0000-0000)"},
  {"key": "gui_unity_loader", "value": "Unity回合"},
  {"key": "fgc_level_inf", "value": "回合信息"},
  {"key": "fgc_level_name", "value": "名称"},
  {"key": "fgc_level_desc", "value": "介绍"},
  {"key": "fgc_level_gamemode", "value": "游戏模式"},
  {"key": "fgc_level_author", "value": "作者"},
  {"key": "fgc_level_ver", "value": "版本"},
  {"key": "fgc_level_likes", "value": "“赞”数量"},
  {"key": "fgc_level_pc", "value": "游玩人数"},
  {"key": "fgc_level_maxp", "value": "最大人数"},
  {"key": "fgc_level_qp", "value": "达标百分比"},
  {"key": "fgc_level_timel", "value": "时间限制"},
  {"key": "fgc_level_platform", "value": "制作于（平台）"},
  {"key": "fgc_level_tags", "value": "回合标签"},
  {"key": "fgc_level_utags", "value": "作者标签"},
  {"key": "fgc_level_muz", "value": "回合音乐"},
  {"key": "fgc_level_load", "value": "搜索信息…"},
  {"key": "fgc_level_extra", "value": "更多信息"},
  {"key": "fgc_level_theme", "value": "主题"},
  {"key": "fgc_level_compstat", "value": "已完成"},
  {"key": "fgc_level_sp", "value": "生存率"},
  {"key": "gui_yes", "value": "是"},
  {"key": "gui_no", "value": "否"},
  {"key": "fgc_level_nodto", "value": "未找到回合信息"},
  {"key": "fgt_tooltip_01", "value": "你可以通过长按 {0} 跳过关卡"},
  {"key": "fgt_tooltip_02", "value": "您可以在配置中启用\"添加所有个性化服装\"来添加游戏中存在的所有个性化选项！"},
  {"key": "fgt_tooltip_03", "value": "使用 {0} 以启用 {loaderName} GUI"},
  {"key": "fgt_tooltip_04", "value": "如果您有任何问题，请随时在 {loaderName} discord 服务器上提出！"},
  {"key": "fgt_tooltip_05", "value": "您可以在配置中启用自定义时间限制！"},
  {"key": "fgt_tooltip_06", "value": "您可以在配置中禁用回合条件！"},
  {"key": "fgt_tooltip_07", "value": "有趣的事实：在这款游戏中，你可以摸到一点点垃圾，而不仅仅是速通！"},
  {"key": "fgt_tooltip_08", "value": "你可以在配置文件中禁用或更改强化物品！"},
  {"key": "fgt_tooltip_09", "value": "想要完全离线玩糖豆人？在配置中启用离线模式"},
  {"key": "unable_to_load_scene", "value": "无法加载场景"},
  {"key": "unable_to_load_scene_01", "value": "这一轮使用的场景已从游戏文件中删除。"},
  {"key": "unable_to_load_scene_02", "value": "上一回合"},
  {"key": "unable_to_load_scene_03", "value": "将再次加载"},
  {"key": "no_changelog_get", "value": "无法获取更新日志。"},
  {"key": "fgt_tooltip_10", "value": "想要启用 \"糖豆万岁\"（ver10.9）更新前的旧版角色物理特性？在配置中启用“旧物理特性”！"},
  {"key": "fgt_tooltip_11", "value": "我已经3天没有玩 {loaderName} 了。我感觉自己要呕吐了，要自杀了。新版本更新后，我想玩 {loaderName} ，但遗憾的是它没有任何用。我现在处于最糟糕的状态。这次更新太糟糕了，而我又没什么可玩的。我觉得还是说再见比较好。我自杀了。{loaderName} 就是我的生命！ {loaderName} 是我最好的朋友！ 我不碰垃圾，所以{loaderName}是我现在唯一的希望，但可悲的是它不起作用。我需要精神上的帮助，真的。"},
  {"key": "userchange_title", "value": "选择您的用户名"},
  {"key": "userchange_desc", "value": "由于游戏是离线启动的，因此您没有用户名。请选择用户名或使用默认用户名。请记住，您可以随时在配置中更改选定的用户名！"},
  {"key": "userchange_holder", "value": "离线"},
  {"key": "gui_toggle", "value": "切换"},
  {"key": "gui_save", "value": "保存"},
  {"key": "gui_variant_lastsave", "value": "切换至上次保存"},
  {"key": "gui_variant_toggleall", "value": "全部替换"},
  {"key": "gui_variant_title", "value": "变种选项"},
  {"key": "gui_ingame_only_ui", "value": "在游戏选项中"},
  {"key": "gui_ingame_tab", "value": "游玩设置"},
  {"key": "rpc_fgc_alert_title", "value": "在你开始之前..."},
  {"key": "rpc_fgc_alert_desc", "value": "由于我将 Discord RPC 添加到 {loaderName}，您需要知道编辑器中的一些信息现在显示在您的 discord 状态中（编辑器中的状态、关卡游戏模式、关卡名称）。如果您对此感到满意，请按“确定”并玩得开心。如果没有，您可以打开配置并禁用 {loaderName} Discord RPC。\\n\\n此弹出窗口将不再出现。"},
  {"key": "gui_handle_random_cosmetics", "value": "随机化妆品"},
  {"key": "gui_handle_default_cosmetics", "value": "重置随机化妆品"},
  {"key": "gui_attempt", "value": "尝试"},
  {"key": "gui_warning", "value": "警告！"},
  {"key": "discordsdk_missing_desc", "value": "Discord Game Sdk 丢失。Discord Game Sdk 用于使 discord RPC 工作。目前 discord RPC 已禁用，要重新使用它，请将discord_game_sdk.dll放入 {loaderName} 文件夹或在 {loaderName} discord 服务器中寻求帮助"},
  {"key": "gui_default", "value": "默认"},
  {"key": "gui_misc", "value": "混合"},
  {"key": "themes_selector_title", "value": "菜单主题选择器"},
  {"key": "statistics_title", "value": "你的 {loaderName} 统计信息"},
  {"key": "theme_restart_title", "value": "重新启动以更改设置"},
  {"key": "theme_restart_desc", "value": "要返回默认主题，您需要重新启动游戏，现在想这样做吗？"},
  {"key": "stat_time_in_game", "value": "游玩总时长"},
  {"key": "stat_total_rounds", "value": "加载回合总计"},
  {"key": "gui_delete_stats", "value": "重置统计信息"},
  {"key": "stat_launch_times", "value": "游戏环节"},
  {"key": "stat_sp_att_total", "value": "计时器模式下的总尝试次数"},
  {"key": "stat_time_inmenu", "value": "主菜单的时间"},
  {"key": "gui_unavailable", "value": "不可用"},
  {"key": "theme_selector_not_in_menu", "value": "你必须在主菜单中更改主题"},
  {"key": "stats_del_title", "value": "三思而后行"},
  {"key": "stats_del_desc", "value": "你真的想重置你所有的统计信息吗？此操作无法撤消！"},
  {"key": "theme_change_title", "value": "是否更改主题？"},
  {"key": "theme_change_desc", "value": "是否要更改主题？"},
  {"key": "gui_open_rhistory", "value": "开启回合历史"},
  {"key": "gui_close_rhistory", "value": "关闭回合历史"},
  {"key": "gui_nothing2see", "value": "正在施工中……敬请期待"},
  {"key": "gui_save_stats", "value": "保存统计信息"},
  {"key": "gui_stats_info_01", "value": "- 统计数据会在您每次退出游戏时保存，并且每 5 分钟自动保存一次"},
  {"key": "gui_result", "value": "结果"},
  {"key": "stats_result_leave", "value": "返回"},
  {"key": "stats_result_new", "value": "新关卡"},
  {"key": "round_length", "value": "关卡长度"},
  {"key": "stats_total_time_fgc", "value": "沉迷于FGC的时长"},
  {"key": "gui_stats_info_02", "value": "- 仅在您使用 {loaderName} 时进行统计跟踪"},
  {"key": "stats_collectables_collected", "value": "收集的装扮"},
  {"key": "stats_powerup_uses", "value": "Powerup 用法"},
  {"key": "gui_stats_info_03", "value": "- 存储在本地设备上的统计信息"},
  {"key": "stats_save_time_remain", "value": "自动保存的剩余时间"},
  {"key": "gui_date", "value": "日期"},
  {"key": "gui_force_reset", "value": "强制重置"},
  {"key": "force_reset_desc", "value": "这会将 FGTools 状态重置为默认值，如果您软锁定或遇到一些问题，请使用此选项。<b>这将迫使你离开菜单，如果你在嗨皮秀中，你的进度将会丢失！！</b>"},
  {"key": "fgt_tooltip_12", "value": "斯滕特里克勋爵，上帝的速跑者，我谦卑地恳求您，在放松的时刻聆听我的请求，以获得快乐和乐趣。帮助游戏的创作者 FGStoola 带回带有 360 度 divami 的游戏，以及让我们心中如此快乐的情绪播放器游戏。FlowL！"},
  {"key": "gui_flzru_img", "value": "搞笑图片"},
  {"key": "gui_deleted_rounds", "value": "删除"},
  {"key": "gui_deleted_rounds_desc", "value": "*回合列表中的灰色表示该回合已从游戏文件中删除，无法游玩！"},
  {"key": "gui_imgloader_desc", "value": "这是图像加载器，您可以通过URL加载图像或存储在本地设备上的图像"},
  {"key": "gui_imgloader_desc_01", "value": "要加载存储在设备上的图像，请将其放入文件夹中，然后在输入框中输入文件名称"},
  {"key": "gui_imgloader_desc_02", "value": "要通过 URL 加载图像，请勾选“通过 URL”开关并将图像 URL 放入输入框（例如 https://example.com/example.png/）"},
  {"key": "gui_fgc_hex", "value": "自定义十六进制颜色"},
  {"key": "gui_fgc_hex_set", "value": "设置"},
  {"key": "gui_fgc_hex_preview", "value": "预览"},
  {"key": "gui_fgc_hex_title", "value": "自定义物品颜色"},
  {"key": "gui_fgc_hex_fgc", "value": "游戏十六进制颜色"},
  {"key": "gui_fgc_autosave_in", "value": "自动保存关卡"},
  {"key": "version_warning_title", "value": "版本检测"},
  {"key": "version_warning", "value": "你的糖豆人已更新。<b>这可能意味着 {loaderName} 将不再工作</b>nn请在 {loaderName}  Discord 服务器中检查更新并安装任何更新（如果有）！如果没有并且 {loaderName} 不起作用，请耐心等待发布更新"},
  {"key": "gui_themes_stat_0", "value": "设备上的主题"},
  {"key": "gui_themes_stat_1", "value": "目录中的主题"},
  {"key": "gui_author", "value": "作者"},
  {"key": "gui_unknown", "value": "未知"},
  {"key": "gui_download", "value": "下载"},
  {"key": "gui_theme2download", "value": "下载的主题"},
  {"key": "gui_theme2download_url", "value": "来源"},
  {"key": "gui_theme2download_size", "value": "下载大小"},
  {"key": "gui_view_themes_catalogue", "value": "查看主题目录"},
  {"key": "gui_viewing", "value": "正在查看"},
  {"key": "gui_web_themes", "value": "主题目录"},
  {"key": "gui_local_themes", "value": "已下载的主题"},
  {"key": "msg_outdated_ver_short", "value": "看起来这个主题已经过时！\\n最新的版本 ({0}) 已经可在 {loaderName} discord上下载!"},
  {"key": "gui_catalogue_theme_info_0", "value": "欢迎来到在线主题目录"},
  {"key": "gui_catalogue_theme_info_1", "value": "我创建它是为了避免 {loaderName} 的更新变大（因为主题文件很大）"},
  {"key": "gui_catalogue_theme_info_2", "value": "- 选择一个主题后,您将看到一些关于它的信息"},
  {"key": "gui_catalogue_theme_info_3", "value": "- 要下载主题，请按“下载”按钮"},
  {"key": "gui_catalogue_theme_exists", "value": "主题 {0} 的文件夹已存在。请先删除它"},
  {"key": "gui_theme_download_complete_0", "value": "主题 {0} 下载完成！"},
  {"key": "gui_theme_download_complete_1", "value": "您现在可以在已下载的主题中选择它"},
  {"key": "gui_memes", "value": "表情包😂🤣"},
  {"key": "gui_download_start_title", "value": "下载开始"},
  {"key": "gui_download_end_title", "value": "下载结束"},
  {"key": "gui_theme_download_start_info", "value": "主题 {0} 开始下载"},
  {"key": "gui_theme_download_end_info", "value": "主题 {0} 下载完成！"},
  {"key": "gui_search", "value": "搜索"},
  {"key": "gui_disable_nav", "value": "禁用导航"},
  {"key": "gui_play_explore", "value": "探索 - 创意"},
  {"key": "gui_fgc_explore_0", "value": "探索中的总回合数"},
  {"key": "gui_fgc_explore_1", "value": "通过FGAnalyst API（cloudseeker.xyz/fga/）获取探索回合"},
  {"key": "gui_cosmetics_search", "value": "搜索化妆品"},
  {"key": "stats_qual_times", "value": "达标数"},
  {"key": "stats_elim_times", "value": "淘汰数"},
  {"key": "stats_win_times", "value": "大获全胜"},
  {"key": "gui_creative_loader_warning", "value": "注意：某些障碍和游戏模式可能无法正常工作"},
  {"key": "gui_cosmetics_search_for", "value": "正在搜索"},
  {"key": "gui_total_found_items", "value": "找到的总项目"},
  {"key": "gui_сosmetics_search_nothing", "value": "未找到化妆品"},
  {"key": "gui_cosmetics_search_err", "value": "搜索错误"},
  {"key": "gui_cosmetics_search_reset", "value": "重置"},
  {"key": "gui_begin_search", "value": "搜索"},
  {"key": "gui_cosmetics_search_live_search", "value": "实时搜索"},
  {"key": "explore_start_title", "value": "开始探索？"},
  {"key": "explore_start_desc", "value": "这会随机加载一个探索回合！"},
  {"key": "critical_error_title", "value": "严重错误"},
  {"key": "critical_error_desc", "value": "{loaderName} 遇到了一个严重错误。请离开游戏并在Discord服务器中发送BepInEx日志"},
  {"key": "gui_localization", "value": "语言"},
  {"key": "gui_localization_act0", "value": "更改语言"},
  {"key": "gui_localization_act1", "value": "你确定吗？"},
  {"key": "gui_localization_act2", "value": "您必须在主菜单中更改语言"},
  {"key": "gui_localization_author", "value": "此翻译由"},
  {"key": "gui_download_progress_lang", "value": "获取本地化"},
  {"key": "gui_download_progress_def", "value": "获取 {loaderName} 信息"},
  {"key": "gui_download_progress_themes", "value": "获取主题"},
  {"key": "gui_download_progress_explore", "value": "获取探索回合"},
  {"key": "gui_download_progress_explore_waiting", "value": "准备获取探索回合。等待FGAnalyst响应"},
  {"key": "gui_downloading_title", "value": "请稍等"},
  {"key": "gui_downloading_desc", "value": "为了更稳定的工作，{loaderName} 需要从互联网获取额外的信息。稍等一下，不会太久"},
  {"key": "gui_explore_error_title", "value": "这里没有回合"},
  {"key": "gui_explore_error_desc", "value": "探索回合未加载，请稍后再试"},
  {"key": "gui_fgc_placeholder", "value": "输入关卡代码以查看信息"},
  {"key": "gui_fgc_not_found", "value": "无法找到该关卡，请确保输入正确，并重试"},
  {"key": "gui_debug_saved_in", "value": "保存至 {loaderName} 文件夹"},
  {"key": "gui_debug_hide", "value": "{0} 隐藏"},
  {"key": "gui_debug_new_report", "value": "报告新错误"},
  {"key": "gui_debug_new_report_desc", "value": "将在 {loaderName} 文件夹中创建所有有用的信息"},
  {"key": "gui_debug_new_report_success", "value": "错误报告保存在 {loaderName} 文件夹中"},
  {"key": "gui_debug_new_report_fail", "value": "创建错误报告失败"},
  {"key": "gui_debug_report_folder", "value": "报告文件夹"},
  {"key": "gui_themes_catalogue_empty", "value": "目录为空"},
  {"key": "gui_select", "value": "选择"},
  {"key": "gui_catalogue_theme_exists_new", "value": "此主题的文件夹已存在。它将被删除"},
  {"key": "gui_theme_download_progress", "value": "正在下载主题 {0}。请稍等"},
  {"key": "gui_complete", "value": "完成"},
  {"key": "gui_theme_download_error", "value": "下载主题失败"},
  {"key": "gui_theme_download_error_0", "value": "以下是可能发生此问题的一些常见原因"},
  {"key": "gui_theme_download_error_1", "value": "- 网络问题"},
  {"key": "gui_theme_download_error_2", "value": "- 主题文件已从服务器中删除"},
  {"key": "gui_theme_download_error_3", "value": "- 主题文件所在的服务器可能已关闭"},
  {"key": "gui_theme_download_error_4", "value": "- 距离你的电脑爆炸仅剩10分钟！"},
  {"key": "gui_error_we_got", "value": "我们遇到了一些小问题"},
  {"key": "gui_theme_selected_error", "value": "无法下载此主题，因为它已被选中，请选择另一个主题并重试"},
  {"key": "gui_round_options", "value": "回合规则"},
  {"key": "gui_round_options_pcount", "value": "游玩数"},
  {"key": "gui_round_options_pcount_desc", "value": "对某些回合有用（如蜂窝迷环）"},
  {"key": "gui_round_options_timer", "value": "是否启用计时器？"},
  {"key": "gui_round_options_timer_limit", "value": "回合长度"},
  {"key": "gui_minutes", "value": "分"},
  {"key": "gui_seconds", "value": "秒"},
  {"key": "gui_round_options_seed", "value": "回合种子"},
  {"key": "gui_round_options_seed_desc", "value": "如果为空或0，将随机选择种子"},
  {"key": "gui_save_apply", "value": "保存并应用"},
  {"key": "gui_round_options_hardmode", "value": "困难模式"},
  {"key": "gui_round_options_timer_limit_desc", "value": "如果未设置时间，将使用默认回合时间"},
  {"key": "gui_debug_as_zip", "value": "创建为压缩文件"},
  {"key": "newsfeed_beta_private_title", "value": "欢迎来到封闭的 {loaderName} 测试版"},
  {"key": "newsfeed_beta_private_desc", "value": "你已经知道该怎么做了，继续吧！"},
  {"key": "gui_up_prompt", "value": "你正在游玩探索。要选择回合，请返回主菜单"},
  {"key": "gui_debug_press_again", "value": "再次按下 {0} 以打开调试信息"},
  {"key": "gui_theme_dir", "value": "主题目录"},
  {"key": "gui_theme_del", "value": "删除主题"},
  {"key": "gui_theme_delete_title", "value": "删除主题 {0}？"},
  {"key": "gui_theme_delete_desc", "value": "你确定吗？"},
  {"key": "gui_play_explore_unity", "value": "探索 - 官图"},
  {"key": "gui_play_explore_endless", "value": "探索 - 无尽"},
  {"key": "gui_explore_endless_title", "value": "什么是无尽探索？"},
  {"key": "gui_explore_endless_desc", "value": "无尽探索是官图和探索回合的混合。你有50%的机会获得官图或探索地图"},
  {"key": "gui_explore_desc_base", "value": "{loaderName} 的探索是如何工作的？\\n- 你可以像在游戏中一样跳过回合\\n- 你可以在配置中按类型过滤回合\\n- 在生存回合中，你的时间限制设置将被忽略\\n- 要停止玩探索回合，请使用暂停菜单或 {loaderName} GUI"},
  {"key": "gui_explore_unity_title", "value": ""},
  {"key": "gui_explore_unity_desc", "value": ""},
  {"key": "gui_localization_faq_title", "value": "如何翻译 {loaderName}？"},
  {"key": "gui_localization_faq_desc", "value": "- 在本地化文件夹中创建一个带有所需语言代码的新文件夹（如有需要，请参阅assets中的language-codes.csv）。\\n- 从现有本地化文件夹中复制“locale.csv”并将其放入新文件夹中。\\n- 通过任何CSV编辑器打开“locale.csv”并更改内容。\\n- 完成后，以UTF-8编码保存更改（应为默认设置）。\\n- 要在游戏中使用你的本地化，请在配置中指定文件夹名称“Localization File Name”或使用{loaderName} GUI。\\n- 如果你想翻译配置描述和鸣谢，请从现有本地化中复制特定文件（credits.txt和config-descs.txt）并将其放入你的本地化文件夹中，然后以同样的方式翻译它们。\\n- 欢迎在{loaderName}的Discord服务器上提交你的翻译。它们很可能会在下次更新中包含在mod中。"},
  {"key": "gui_themes_faq_title", "value": "如何制作主题？"},
  {"key": "gui_themes_faq_desc", "value": ""},
  {"key": "gui_themes_catalogue_faq_title", "value": "如何将我的主题添加到目录中？"},
  {"key": "gui_themes_catalogue_faq_desc", "value": "在Discord服务器中发送主题文件，如果足够好，它将被添加。"},
  {"key": "gui_btn_got_it", "value": "明白！"},
  {"key": "gui_localization_lang_dir", "value": "语言目录"},
  {"key": "gui_ugc_show_tab", "value": "自定义节目"},
  {"key": "gui_ugc_show_about", "value": "自定义节目是由 {loaderName} 用户制作的节目"},
  {"key": "gui_show_no_rounds_title", "value": "无法找到任何要玩的回合！"},
  {"key": "gui_show_no_rounds_desc", "value": "请检查你的回合过滤器和节目回合池"},
  {"key": "failed_desc_new", "value": "我们都有不顺利的时候……"},
  {"key": "gui_page", "value": "页"},
  {"key": "gui_out_of", "value": "共"},
  {"key": "fgc_temp_request_ban", "value": "你向Fall Guys服务器发送请求过于频繁，这可能会导致Fall Guys服务器暂时禁止你的IP！"},
  {"key": "ratelimited_title", "value": "速率限制！"},
  {"key": "fgc_temp_request_ban_1", "value": "正如我已经说过的，你不能在这么短的时间内发送这么多请求"},
  {"key": "fgc_temp_request_ban_2", "value": "孩子们，这并不好笑。"},
  {"key": "fgc_temp_request_ban_3", "value": "你会后悔的"},
  {"key": "fgc_temp_request_ban_desc", "value": "为了你的安全，在此之前你不能发送新的请求"},
  {"key": "gui_random_no_rounds", "value": "无法找到任何要加载的回合"},
  {"key": "changelog_limit_new", "value": "{0} 更改未在此列出。请在Discord服务器中查看完整的更新日志！"},
  {"key": "gui_download_progress_playlists", "value": "获取用户制作的节目"}
]