[
  {"key": "menuenter_title", "value": "{loaderName} 已安装！"},
  {"key": "menuenter_desc", "value": "您已成功安装 {loaderName}！\\n {loaderName} UI 应该已经显示在您的屏幕上。请记住，{loaderName} 是由一个人制作的，并非所有功能都能如预期般工作，请不要忘记可能存在的错误。\\n如果您有任何问题或建议，请前往我们的 Discord 服务器，您也可以报告遇到的错误。祝您玩得开心！"},
  {"key": "menuenter_desc_offline", "value": "{loaderName} 正在离线模式下运行，所有在线功能现已禁用，如果您想禁用离线模式，必须重新启动游戏。"},
  {"key": "continue_btn", "value": "继续"},
  {"key": "close_btn", "value": "关闭"},
  {"key": "fgc_title", "value": "等等！"},
  {"key": "fgc_desc", "value": "看起来您当前正在 Fall Guys Creative 中，请以附加模式加载场景或离开后再试。"},
  {"key": "fgc_ok_btn", "value": "没问题"},
  {"key": "config_title", "value": "糟糕"},
  {"key": "config_desc", "value": "配置值出了问题！您确定一切都正确并且配置已更新到最新版本吗？\\n\\n错误：{0}\\n\\n如果您无法自行修复此错误，请删除配置并使用默认配置（您可以在 {loaderName} 文件夹中找到）"},
  {"key": "failedscene_title", "value": "加载此回合时遇到错误！"},
  {"key": "failedscene_desc", "value": "看起来场景 \"{0}\" 已从游戏文件中完全删除，很遗憾您无法再加载它...\\n"},
  {"key": "failedscene_success", "value": "上一轮 ({0}) 将再次加载。"},
  {"key": "failedscene_failed", "value": "您将返回菜单"},
  {"key": "img2fgc_title", "value": "小心！"},
  {"key": "img2fgc_desc", "value": "使用此工具前请阅读以下文字！\\n\\n使用教程\\n在\"图像名称\"中输入位于 imgToFGC 文件夹中的图像名称\\n宽度/高度是您图像在回合中的大小\\n在 Creative 中生成回合并打开\"LOAD\"标签后，再按\"用回合替换现有地图\"按钮\\n\\n按下此按钮后，您所有的现有回合将被带有您图像的地图替换，如果您在加载生成的图像回合时保存回合，您的原始回合将永远丢失！如果您想恢复原始回合，请退出生成的地图\\n\\n您也可以通过编辑位于 FallGuysTools 文件夹中的 JSON 来编辑颜色 (colors.json)"},
  {"key": "img2fgc_btn_ok", "value": "我已阅读此文字并了解风险"},
  {"key": "img2fgc_btn_close", "value": "我不想使用这个"},
  {"key": "piracy_title", "value": "盗版不是坠落"},
  {"key": "piracy_desc", "value": "盗版 Fall Guys 是版权法下的严重犯罪\\n退出游戏并删除该软件"},
  {"key": "piracy1_title", "value": "严重错误"},
  {"key": "piracy1_desc", "value": "Fall Guys 遇到了错误，如果您在不重新启动游戏的情况下继续游戏，性能可能会受到影响。"},
  {"key": "gui_hotkeys", "value": "快捷键：{0} 切换光标，{1} 切换 UI，{2} 切换调试 UI，{3} 切换自由飞行模式，{4} 重生，{5} 检查点，{6} 自由摄像机，{7} 重置检查点位置"},
  {"key": "gui_show_loader", "value": "显示加载器"},
  {"key": "gui_gen_cms_list", "value": "生成 CMS 回合列表"},
  {"key": "gui_print_show_list", "value": "打印节目列表"},
  {"key": "gui_play", "value": "开始游戏"},
  {"key": "gui_random_round", "value": "随机回合"},
  {"key": "gui_menu", "value": "主菜单"},
  {"key": "gui_fix_obstacles", "value": "重新修复障碍物"},
  {"key": "gui_hotkey_edit", "value": "快捷键编辑"},
  {"key": "gui_ui", "value": "用户界面"},
  {"key": "gui_toggle_cursor", "value": "切换光标"},
  {"key": "gui_toggle_ui", "value": "切换 UI"},
  {"key": "gui_toggle_img2fgc", "value": "Img2Fgc UI"},
  {"key": "gui_toggle_ffm", "value": "自由飞行模式"},
  {"key": "gui_toggle_media", "value": "媒体 UI"},
  {"key": "gui_gameplay", "value": "游戏玩法"},
  {"key": "gui_respawn", "value": "重生"},
  {"key": "gui_checkpoint", "value": "检查点"},
  {"key": "gui_fc", "value": "自由摄像机"},
  {"key": "gui_toggle_fc", "value": "切换自由摄像机"},
  {"key": "gui_pause_fc", "value": "暂停自由摄像机"},
  {"key": "gui_move_up", "value": "向上移动"},
  {"key": "gui_move_down", "value": "向下移动"},
  {"key": "gui_move_forward", "value": "向前移动"},
  {"key": "gui_exit", "value": "退出"},
  {"key": "gui_show_loader_desc", "value": "这是一个节目加载器。您可以玩任何节目的回合池，随机回合只会从该节目的回合中选择"},
  {"key": "gui_old_list", "value": "您的回合列表已过时，点击这里更新"},
  {"key": "gui_update_list", "value": "更新列表"},
  {"key": "gui_print_round_list", "value": "打印回合列表（在控制台中）"},
  {"key": "gui_gen_round_list", "value": "生成 CMS 回合列表"},
  {"key": "gui_cms_loader", "value": "回合加载器"},
  {"key": "gui_edit_hotkeys", "value": "编辑快捷键"},
  {"key": "gui_single_load", "value": "单个加载"},
  {"key": "gui_additive_load", "value": "附加加载"},
  {"key": "gui_input_wait_1", "value": "按任意键..."},
  {"key": "gui_input_wait_2", "value": "按 [ESC] 取消"},
  {"key": "gui_img2fgc", "value": "导入图像到 FGC"},
  {"key": "gui_img2fgc_img_name", "value": "图像名称"},
  {"key": "gui_folder", "value": "文件夹"},
  {"key": "gui_img2fgc_wh", "value": "宽度/高度"},
  {"key": "gui_img2fgc_should_del_black", "value": "删除黑色像素？"},
  {"key": "gui_img2fgc_should_del_white", "value": "删除白色像素？"},
  {"key": "gui_img2fgc_digital", "value": "数字主题？"},
  {"key": "gui_img2fgc_gen_level", "value": "生成地图"},
  {"key": "gui_img2fgc_replace", "value": "用自定义地图替换现有地图"},
  {"key": "gui_img2fgc_credits", "value": "Img2fgc 由 @repinek840 在 Twitter 上制作"},
  {"key": "request_error_2", "value": "已保存，但是..."},
  {"key": "request_error_save_config_2", "value": "您装备了没有的化妆品，请记住，重新打开游戏后您的化妆品将被重置。目前大厅中的每个人都能看到您的化妆品，您也可以加载任何回合，您的化妆品将被保存"},
  {"key": "gui_save_into_config", "value": "保存到配置"},
  {"key": "gui_rotate_speed", "value": "旋转速度"},
  {"key": "gui_move_down_speed", "value": "向下移动速度"},
  {"key": "gui_move_up_speed", "value": "向上移动速度"},
  {"key": "gui_move_speed", "value": "移动速度"},
  {"key": "gui_ffm_settings", "value": "自由飞行模式设置"},
  {"key": "gui_ffm_hotkeys", "value": "{0} 向上移动，{1} 向下移动，{2} 向前移动"},
  {"key": "gui_media_load", "value": "加载"},
  {"key": "gui_img_loader", "value": "图像加载器"},
  {"key": "gui_fc_settings", "value": "自由摄像机设置"},
  {"key": "gui_zoom_speed", "value": "缩放速度"},
  {"key": "gui_sensivity", "value": "灵敏度"},
  {"key": "gui_stats", "value": "统计"},
  {"key": "gui_fc_pos", "value": "位置"},
  {"key": "gui_fov", "value": "视野"},
  {"key": "gui_fc_hotkeys", "value": "{0} 退出，{1} 暂停，滚动鼠标缩放，{2} 向上移动，{3} 向下移动，{4} 切换 UI"},
  {"key": "gui_near_fg", "value": "靠近 FallGuy"},
  {"key": "gui_follow_fg_pos", "value": "粘贴 FG 位置"},
  {"key": "gui_destroy_all", "value": "全部销毁"},
  {"key": "confirm_title", "value": "您确定吗？"},
  {"key": "confirm_desc", "value": "您确定要执行此操作吗："},
  {"key": "failed_title", "value": "错误"},
  {"key": "failed_desc", "value": "此操作出现错误\\n错误：{0}"},
  {"key": "gui_as_cube", "value": "作为立方体"},
  {"key": "gui_url_load", "value": "通过 URL"},
  {"key": "gui_run_qual", "value": "合格！"},
  {"key": "gui_run_resetmsg", "value": "按住 {0} {1} 秒重启！"},
  {"key": "spqual_title", "value": "您合格了！"},
  {"key": "spqual_desc", "value": "您想保存此回合的当前时间吗？它将被保存为您的最佳时间。"},
  {"key": "spqual_desc2", "value": "最佳时间：{0} | 当前回合：{1}"},
  {"key": "gui_best_time", "value": "最佳时间"},
  {"key": "gui_run_elim", "value": "被淘汰！"},
  {"key": "gui_run_win", "value": "胜利！"},
  {"key": "gui_run_info", "value": "当前回合"},
  {"key": "gui_fc_pause", "value": "已暂停"},
  {"key": "gui_reset_run", "value": "重置回合"},
  {"key": "spqual_title2", "value": "继续？"},
  {"key": "spqual_desc3", "value": "想再次挑战这个回合吗？"},
  {"key": "gui_vid_loader", "value": "视频加载器"},
  {"key": "gui_discord_btn", "value": "Discord 服务器"},
  {"key": "load_ugc", "value": "您无法加载此回合，因为这是 FGC 回合。目前 {loaderName} 不支持加载 FGC 回合\\n您始终可以使用此代码 {0} 来查找它"},
  {"key": "null_secene", "value": "此回合不包含足够的场景信息！"},
  {"key": "unable_to_find_round", "value": "无法找到 ID 为 «{0}» 的回合"},
  {"key": "unable_to_find_path", "value": "无法找到此路径的文件"},
  {"key": "gui_options", "value": "工具"},
  {"key": "gui_wait", "value": "请稍候..."},
  {"key": "gui_open_config", "value": "打开配置"},
  {"key": "gui_basic_o", "value": "基本工具"},
  {"key": "gui_gp_o", "value": "游戏玩法工具"},
  {"key": "gui_round_loading", "value": "回合加载中"},
  {"key": "gui_round_intro", "value": "片头播放中"},
  {"key": "gui_hotkeys_gp", "value": "游戏玩法快捷键：{0} 切换自由飞行模式，{1} 重生，{2} 检查点，{3} 自由摄像机，{4} 重置检查点位置"},
  {"key": "gui_hotkeys_ui", "value": "UI 快捷键：{0} 切换光标，{1} 切换 UI，{2} 切换 img2fgc UI，{3} 切换媒体 UI"},
  {"key": "unable_to_load_img", "value": "由于错误无法加载图像："},
  {"key": "unable_to_spawn", "value": "无法生成 Fall Guy"},
  {"key": "unable_to_find_show", "value": "无法找到节目 «{0}»"},
  {"key": "intro_skip_msg", "value": "按住 {0} {1} 秒跳过片头"},
  {"key": "revert_changes", "value": "撤销更改"},
  {"key": "dropdown_placeholder", "value": "选择一些内容..."},
  {"key": "inputfield_placeholder", "value": "输入一些内容..."},
  {"key": "gui_loader", "value": "主加载器"},
  {"key": "gui_edit_config_title", "value": "配置编辑"},
  {"key": "gui_media_tools_title", "value": "媒体工具"},
  {"key": "in_development", "value": "开发中！请稍后再来查看"},
  {"key": "gui_search_round", "value": "按名称（或场景名称）搜索回合..."},
  {"key": "gui_search_show", "value": "按名称搜索节目..."},
  {"key": "gui_show_image", "value": "查看节目图标"},
  {"key": "gui_desc", "value": "描述："},
  {"key": "gui_total_rounds", "value": "列表中的总回合数"},
  {"key": "gui_total_ids", "value": "列表中的总 ID 数"},
  {"key": "gui_selected_show", "value": "选定的节目"},
  {"key": "gui_loaded_show", "value": "已加载的节目"},
  {"key": "gui_possible_show_rounds", "value": "可用回合"},
  {"key": "gui_open_fgdb", "value": "在 FGDB 上查看"},
  {"key": "gui_config_about", "value": "在此页面上，您可以对配置执行基本操作。"},
  {"key": "gui_config_about_0", "value": "- 刷新配置 - 刷新每个配置设置，每次加载场景时都会调用"},
  {"key": "gui_config_about_1", "value": "- 刷新 GUI 信息 - 刷新下拉菜单和列表中的信息，更改游戏内语言后使用此功能以防止出现问题"},
  {"key": "gui_config_about_2", "value": "- 打开配置 - 对此...不确定"},
  {"key": "gui_config_about_3", "value": "目前就这些"},
  {"key": "gui_credits", "value": "制作人员"},
  {"key": "gui_refresh_config", "value": "刷新配置"},
  {"key": "gui_refresh_gui", "value": "刷新 GUI 信息"},
  {"key": "gui_img2fgc_tab", "value": "IMG2FGC"},
  {"key": "gui_rl_advenced", "value": "高级模式"},
  {"key": "gui_rl_a_inputholder", "value": "输入 CMS 回合 ID...（例如 round_door_dash）"},
  {"key": "gui_rl_desc", "value": "这是一个回合加载器。您可以无时间限制地在任何变体上玩任何回合，祝您玩得开心"},
  {"key": "gui_rla_desc", "value": "这是一个高级回合加载器。它的工作方式与 V1.3.0 之前的回合加载器相同，您必须输入 CMS 回合 ID 来加载它"},
  {"key": "gui_img2fgc_desc", "value": "img2fgc 是一个允许您将任何图像转换为关卡的工具。如果您的图像的宽度和高度太大，这将使保存您的关卡变得不可能，大图像也可能导致性能低下！"},
  {"key": "img2fgc_uhh", "value": "您应该先生成一个关卡！"},
  {"key": "gui_config_about_4", "value": "- 清除事件 - 清除所有已完成的事件（例如主菜单弹出窗口）"},
  {"key": "gui_clear_evt", "value": "清除事件"},
  {"key": "preset_holder", "value": "您的预设名称"},
  {"key": "newpreset_title", "value": "创建新预设"},
  {"key": "newpreset_desc", "value": "- 化妆品预设允许您轻松切换化妆品\\n- 化妆品预设支持通过\"添加所有化妆品\"添加的化妆品\\n- 您甚至可以在游戏中通过预设切换化妆品\\n\\n化妆品预设文件位于\"Presets\"文件夹中"},
  {"key": "gui_presets", "value": "预设"},
  {"key": "gui_presets_title", "value": "化妆品预设"},
  {"key": "gui_preset_delete_act", "value": "删除名为\"{0}\"的预设\\n预设文件删除后无法恢复。"},
  {"key": "gui_del_videos_act", "value": "删除场景中的所有视频"},
  {"key": "gui_del_images_act", "value": "删除场景中的所有图像"},
  {"key": "gui_delete_preset", "value": "删除预设"},
  {"key": "gui_use_preset", "value": "使用预设"},
  {"key": "gui_presets_desc", "value": "化妆品预设允许您轻松切换化妆品。您甚至可以在游戏中使用它们。点击\"新预设\"按钮创建新预设"},
  {"key": "gui_default_load", "value": "您期望从这样做中得到什么...？"},
  {"key": "gui_new_preset", "value": "新预设"},
  {"key": "gui_rl_block", "value": "回合加载器被阻止，请等待生成完成或重试！"},
  {"key": "gui_error_msg", "value": "请在 {loaderName} Discord 服务器中报告此错误，并描述您是如何遇到它的，请提供按 {0} 可获得的调试信息"},
  {"key": "gui_fix_obstacles_error", "value": "由于错误无法修复某些障碍物："},
  {"key": "gui_error_0", "value": "您仍然可以玩游戏"},
  {"key": "gui_error_1", "value": "您将返回菜单"},
  {"key": "gui_cancel_loading", "value": "取消加载并返回菜单"},
  {"key": "fgt_eac_error", "value": "玩修改版时 EAC 已禁用！要在线游戏，您必须卸载 BepInEx 并通过验证游戏文件恢复 EAC。"},
  {"key": "gui_del_list", "value": "删除现有回合列表"},
  {"key": "offline_log_title", "value": "看起来您离线了"},
  {"key": "offline_log_desc", "value": "想要启用离线模式以便在没有互联网连接的情况下使用 {loaderName} 吗？所有在线功能将被禁用直到您禁用离线模式"},
  {"key": "online_log_title", "value": "看起来您现在在线了"},
  {"key": "online_log_desc", "value": "但离线模式仍处于启用状态，想要禁用它以启用在线功能吗？"},
  {"key": "cmsload_failed", "value": "由于错误无法开始回合加载"},
  {"key": "sp_qual_disabled_title", "value": "嘿"},
  {"key": "sp_qual_disabled_desc", "value": "看起来您已禁用回合资格，这意味着您将无法完成速通。想要启用它吗？"},
  {"key": "gui_error_2", "value": "您的游戏将关闭"},
  {"key": "gui_pizzatowerreference", "value": "圈数"},
  {"key": "gui_found_results", "value": "找到的总回合数"},
  {"key": "gui_preset_color", "value": "颜色"},
  {"key": "gui_preset_pattern", "value": "图案"},
  {"key": "gui_preset_upper", "value": "上装"},
  {"key": "gui_preset_bottom", "value": "下装"},
  {"key": "gui_preset_full", "value": "全套服装"},
  {"key": "gui_preset_faceplate", "value": "面罩"},
  {"key": "gui_preset_win_anim", "value": "胜利动画"},
  {"key": "gui_preset_nickname", "value": "昵称"},
  {"key": "gui_preset_nameplate", "value": "名牌"},
  {"key": "gui_preset_emotes", "value": "表情"},
  {"key": "gui_preset_info", "value": "预设信息"},
  {"key": "gui_restart_title", "value": "需要重启"},
  {"key": "gui_restart_desc", "value": "要使更改生效，您必须重新启动游戏，现在要这样做吗？"},
  {"key": "gui_reload_title", "value": "需要重新加载场景"},
  {"key": "gui_reload_desc", "value": "要使更改生效，您必须重新加载场景，现在要这样做吗？"},
  {"key": "gui_unable_get_name", "value": "无法获取名称"},
  {"key": "old_fgtools_title", "value": "嘿"},
  {"key": "old_fgtools_desc", "value": "看起来您安装了旧版本的 FGTools；在使用当前版本之前，请确保完全删除它。在本弹出窗口中按\"确定\"后，将打开插件目录。删除名为\"FallGuysTools\"的文件夹并重新启动游戏。"},
  {"key": "gui_move_team", "value": "更换队伍"},
  {"key": "speedrunneralert_title", "value": "亲爱的速通玩家！"},
  {"key": "speedrunneralert_desc", "value": "您玩 {0} 的时间太长了。也许您应该休息一下，去户外走走？\\n\\n别担心，这个弹出窗口不会再出现。"},
  {"key": "speedrunneralert_cancel", "value": "不，谢谢"},
  {"key": "speedrunneralert_accept", "value": "是的，您说得对"},
  {"key": "gui_speedrunner_popup_alert", "value": "一分钟内会发生一些事情..."},
  {"key": "gui_speedrunner_popup_alert_1", "value": "确保不要忙于您的速通"},
  {"key": "disabledsetting_title", "value": "某些配置设置已被禁用！"},
  {"key": "disabledsetting_desc", "value": "以下设置：{0} 已被禁用或更改为默认值。"},
  {"key": "msg_tip", "value": "提示"},
  {"key": "msg_tip_ffm", "value": "您可以在配置中编辑移动速度"},
  {"key": "msg_tip_fc", "value": "使用 WASD 进行移动和鼠标进行旋转\\n您也可以使用滚轮进行缩放，按 {0} 切换暂停\\n\\n按 {1} 编辑设置"},
  {"key": "msg_outdated_ver_title", "value": "版本已过时！"},
  {"key": "msg_outdated_ver", "value": "看起来这个版本已过时！\\n最新版本 ({0}) 已可在 {loaderName} Discord 服务器下载！\\n您可以继续使用当前版本，但建议更新它"},
  {"key": "msg_old_spc_possible", "value": "您可以在配置中启用整个场景重新加载"},
  {"key": "changelog_for", "value": "版本更新日志"},
  {"key": "changelog_limit", "value": "...还有 {0} 个更改... - 在 Discord 服务器中查看完整更新日志！"},
  {"key": "changelog_title", "value": "更新日志"},
  {"key": "cgm_error", "value": "制作游戏管理器时出错"},
  {"key": "debug_msg", "value": "报告错误时使用此信息"},
  {"key": "debug_title", "value": "调试信息"},
  {"key": "fgc_length", "value": "回合键长度必须为 14 个字符。但我们得到的是"},
  {"key": "fgc_error", "value": "准备加载回合时出错"},
  {"key": "fgc_missing", "value": "可能此回合不存在。"},
  {"key": "fgc_missing_template", "value": "无法找到此回合的模板。"},
  {"key": "gui_error_3", "value": "您将留在菜单中"},
  {"key": "gui_creative_loader", "value": "创意回合（测试版）"},
  {"key": "gui_creative_loader_desc", "value": "这是创意回合加载器。要玩回合，请在上方文本字段中输入其分享代码"},
  {"key": "code_input_holder", "value": "回合代码（例如 0000-0000-0000）"},
  {"key": "gui_unity_loader", "value": "Unity 回合"},
  {"key": "fgc_level_inf", "value": "关卡信息"},
  {"key": "fgc_level_name", "value": "名称"},
  {"key": "fgc_level_desc", "value": "描述"},
  {"key": "fgc_level_gamemode", "value": "游戏模式"},
  {"key": "fgc_level_author", "value": "创建者"},
  {"key": "fgc_level_ver", "value": "版本"},
  {"key": "fgc_level_likes", "value": "点赞数"},
  {"key": "fgc_level_pc", "value": "游玩次数"},
  {"key": "fgc_level_maxp", "value": "最大玩家数"},
  {"key": "fgc_level_qp", "value": "合格百分比"},
  {"key": "fgc_level_timel", "value": "时间限制"},
  {"key": "fgc_level_platform", "value": "制作平台"},
  {"key": "fgc_level_tags", "value": "标签"},
  {"key": "fgc_level_utags", "value": "用户标签"},
  {"key": "fgc_level_muz", "value": "音乐事件"},
  {"key": "fgc_level_load", "value": "获取信息中..."},
  {"key": "fgc_level_extra", "value": "额外信息"},
  {"key": "fgc_level_theme", "value": "主题"},
  {"key": "fgc_level_compstat", "value": "完成状态"},
  {"key": "fgc_level_sp", "value": "生存百分比"},
  {"key": "gui_yes", "value": "是"},
  {"key": "gui_no", "value": "否"},
  {"key": "fgc_level_nodto", "value": "未找到关卡信息。"},
  {"key": "fgt_tooltip_01", "value": "您可以通过按住 {0} 跳过回合片头"},
  {"key": "fgt_tooltip_02", "value": "您可以通过在配置中启用\"添加所有化妆品\"来添加游戏中存在的所有化妆品！"},
  {"key": "fgt_tooltip_03", "value": "使用 {0} 切换 {loaderName} GUI"},
  {"key": "fgt_tooltip_04", "value": "如果您有任何问题，请随时在 {loaderName} Discord 服务器上提问！"},
  {"key": "fgt_tooltip_05", "value": "您可以在配置中启用自定义时间限制！"},
  {"key": "fgt_tooltip_06", "value": "您可以在配置中禁用回合资格！"},
  {"key": "fgt_tooltip_07", "value": "有趣的事实：与其在游戏中速通某样东西，不如去户外走走！"},
  {"key": "fgt_tooltip_08", "value": "您可以在配置中禁用或更改道具！"},
  {"key": "fgt_tooltip_09", "value": "想完全离线玩 Fall Guys 吗？在配置中启用离线模式\n算了，它消失了"},
  {"key": "unable_to_load_scene", "value": "无法加载场景"},
  {"key": "unable_to_load_scene_01", "value": "看起来此回合中使用的场景已从游戏文件中删除。"},
  {"key": "unable_to_load_scene_02", "value": "上一轮"},
  {"key": "unable_to_load_scene_03", "value": "将再次加载"},
  {"key": "no_changelog_get", "value": "无法获取此版本的更新日志。"},
  {"key": "fgt_tooltip_10", "value": "想启用 Fall Forever 更新前的旧角色物理效果吗？在配置中启用\"旧物理\""},
  {"key": "fgt_tooltip_11", "value": "已经 3 天没有 {loaderName} 了。我感觉我要呕吐并自杀了。我想在新更新后玩 {loaderName}，但遗憾的是它不工作。我现在可能处于最糟糕的状态。新更新很糟糕，我没有东西可玩。我觉得说再见是好的。我要自杀了。{loaderName} 就是生活，{loaderName} 就像我最好的朋友。我不接触户外，所以 {loaderName} 是我现在唯一的希望，但遗憾的是它不工作。我真的需要心理帮助。"},
  {"key": "userchange_title", "value": "选择您的用户名"},
  {"key": "userchange_desc", "value": "由于您的游戏在离线状态下启动，您没有用户名。选择一个或使用默认用户名。请记住，您始终可以在配置中更改选定的用户名！"},
  {"key": "userchange_holder", "value": "OfflineGuy"},
  {"key": "gui_toggle", "value": "切换"},
  {"key": "gui_save", "value": "保存"},
  {"key": "gui_variant_lastsave", "value": "切换上次保存"},
  {"key": "gui_variant_toggleall", "value": "切换全部"},
  {"key": "gui_variant_title", "value": "变体选项"},
  {"key": "gui_ingame_only_ui", "value": "游戏内选项"},
  {"key": "gui_ingame_tab", "value": "游戏设置"},
  {"key": "rpc_fgc_alert_title", "value": "开始之前..."},
  {"key": "rpc_fgc_alert_desc", "value": "自从我向 {loaderName} 添加 Discord RPC 后，您需要知道编辑器中的一些信息现在会显示在您的 Discord 状态中（编辑器中的状态、关卡游戏模式、关卡名称）。如果您对此没有意见，请按\"确定\"并享受游戏。如果没有，您可以打开配置并禁用 {loaderName} Discord RPC。\\n\\n此弹出窗口不会再出现。"},
  {"key": "gui_handle_random_cosmetics", "value": "随机化妆品"},
  {"key": "gui_handle_default_cosmetics", "value": "重置随机化妆品"},
  {"key": "gui_attempt", "value": "尝试"},
  {"key": "gui_warning", "value": "警告"},
  {"key": "discordsdk_missing_desc", "value": "Discord Game Sdk 缺失。Discord Game Sdk 用于使 Discord RPC 工作。目前 Discord RPC 已禁用，要解决此问题，请将 discord_game_sdk.dll 放入 {loaderName} 文件夹或在 {loaderName} Discord 服务器中寻求帮助"},
  {"key": "gui_default", "value": "默认"},
  {"key": "gui_misc", "value": "杂项"},
  {"key": "themes_selector_title", "value": "菜单主题选择器"},
  {"key": "statistics_title", "value": "您的 {loaderName} 统计数据"},
  {"key": "theme_restart_title", "value": "需要重启"},
  {"key": "theme_restart_desc", "value": "要返回默认主题，您需要重新启动游戏，现在要这样做吗？"},
  {"key": "stat_time_in_game", "value": "游戏总时间"},
  {"key": "stat_total_rounds", "value": "加载的总回合数"},
  {"key": "gui_delete_stats", "value": "重置统计数据"},
  {"key": "stat_launch_times", "value": "游戏会话"},
  {"key": "stat_sp_att_total", "value": "速通模式总尝试次数"},
  {"key": "stat_time_inmenu", "value": "菜单时间"},
  {"key": "gui_unavailable", "value": "不可用"},
  {"key": "theme_selector_not_in_menu", "value": "要更改主题，您必须在主菜单中"},
  {"key": "stats_del_title", "value": "您确定吗？"},
  {"key": "stats_del_desc", "value": "您真的要重置所有统计数据吗？此操作无法撤销！"},
  {"key": "theme_change_title", "value": "更改主题？"},
  {"key": "theme_change_desc", "value": "您想更改主题吗？"},
  {"key": "gui_open_rhistory", "value": "打开回合历史"},
  {"key": "gui_close_rhistory", "value": "关闭回合历史"},
  {"key": "gui_nothing2see", "value": "这里还没有什么可看的"},
  {"key": "gui_save_stats", "value": "保存统计数据"},
  {"key": "gui_stats_info_01", "value": "- 统计数据在您退出游戏时保存，并每 5 分钟自动保存一次"},
  {"key": "gui_result", "value": "结果"},
  {"key": "stats_result_leave", "value": "离开"},
  {"key": "stats_result_new", "value": "新回合"},
  {"key": "round_length", "value": "回合长度"},
  {"key": "stats_total_time_fgc", "value": "FGC 总时间"},
  {"key": "gui_stats_info_02", "value": "- 仅在您使用 {loaderName} 玩游戏时跟踪统计数据"},
  {"key": "stats_collectables_collected", "value": "收集品收集数"},
  {"key": "stats_powerup_uses", "value": "道具使用次数"},
  {"key": "gui_stats_info_03", "value": "- 统计数据存储在您的设备本地"},
  {"key": "stats_save_time_remain", "value": "自动保存剩余时间"},
  {"key": "gui_date", "value": "日期"},
  {"key": "gui_force_reset", "value": "强制重置"},
  {"key": "force_reset_desc", "value": "这将把 FGTools 状态重置为默认状态，如果您遇到软锁定或有问题，请使用此功能。<b>这将强制您返回菜单，如果您在 FG Creative 中，您的进度将丢失！！</b>"},
  {"key": "fgt_tooltip_12", "value": "主啊，Stentrik，神速通者，我谦卑地恳求您，带着水壶和顺从，倾听我对休息时刻的欢乐和娱乐的恳求。帮助 FGStoola 的创作者带回 360 个狂野的游戏，就像那些曾经如此快乐地温暖我们心灵的多人游戏一样。FloozL！"},
  {"key": "gui_flzru_img", "value": "搞笑图片"},
  {"key": "gui_deleted_rounds", "value": "已删除"},
  {"key": "gui_deleted_rounds_desc", "value": "*回合名称中的灰色表示该回合已从游戏文件中删除！"},
  {"key": "gui_imgloader_desc", "value": "这是图像加载器，您可以通过 URL 或存储在设备上的本地图像加载图像"},
  {"key": "gui_imgloader_desc_01", "value": "要加载存储在设备上的图像，请将其放入文件夹并在输入字段中输入其名称"},
  {"key": "gui_imgloader_desc_02", "value": "要通过 URL 加载图像，请选中\"通过 URL\"切换开关并在输入字段中放入图像 URL（例如 https://example.com/example.png/）"},
  {"key": "gui_fgc_hex", "value": "自定义十六进制颜色"},
  {"key": "gui_fgc_hex_set", "value": "设置"},
  {"key": "gui_fgc_hex_preview", "value": "预览"},
  {"key": "gui_fgc_hex_title", "value": "自定义对象颜色"},
  {"key": "gui_fgc_hex_fgc", "value": "游戏十六进制颜色"},
  {"key": "gui_fgc_autosave_in", "value": "关卡自动保存于"},
  {"key": "version_warning_title", "value": "版本检查"},
  {"key": "version_warning", "value": "您的 Fall Guys 已更新。<b>这可能意味着 {loaderName} 将不再工作</b>\\n\\n请在 {loaderName} Discord 服务器中检查更新并安装任何可用更新！如果没有更新且 {loaderName} 不工作，请等待它更新"},
  {"key": "gui_themes_stat_0", "value": "设备上的主题"},
  {"key": "gui_themes_stat_1", "value": "目录中的主题"},
  {"key": "gui_author", "value": "作者"},
  {"key": "gui_unknown", "value": "未知"},
  {"key": "gui_download", "value": "下载"},
  {"key": "gui_theme2download", "value": "要下载的主题"},
  {"key": "gui_theme2download_url", "value": "来源"},
  {"key": "gui_theme2download_size", "value": "下载大小"},
  {"key": "gui_view_themes_catalogue", "value": "查看主题目录"},
  {"key": "gui_viewing", "value": "查看"},
  {"key": "gui_web_themes", "value": "主题目录"},
  {"key": "gui_local_themes", "value": "已下载主题"},
  {"key": "msg_outdated_ver_short", "value": "看起来这个版本已过时！\\n最新版本 ({0}) 已可在 {loaderName} Discord 服务器下载！"},
  {"key": "gui_catalogue_theme_info_0", "value": "欢迎来到在线主题目录"},
  {"key": "gui_catalogue_theme_info_1", "value": "我制作它是为了防止 {loaderName} 更新文件过大（因为主题文件很重）"},
  {"key": "gui_catalogue_theme_info_2", "value": "- 选择主题后，您将看到一些关于它的信息"},
  {"key": "gui_catalogue_theme_info_3", "value": "- 要下载主题，请按\"下载\"按钮"},
  {"key": "gui_catalogue_theme_exists", "value": "主题 {0} 的文件夹已存在。请先删除它"},
  {"key": "gui_theme_download_complete_0", "value": "主题 {0} 下载完成！"},
  {"key": "gui_theme_download_complete_1", "value": "您现在可以在已下载主题中选择它"},
  {"key": "gui_memes", "value": "梗图😂🤣"},
  {"key": "gui_download_start_title", "value": "开始下载"},
  {"key": "gui_download_end_title", "value": "下载完成"},
  {"key": "gui_theme_download_start_info", "value": "正在下载名为 {0} 的主题"},
  {"key": "gui_theme_download_end_info", "value": "名为 {0} 的主题已成功下载"},
  {"key": "gui_search", "value": "搜索"},
  {"key": "gui_disable_nav", "value": "禁用导航"},
  {"key": "gui_play_explore", "value": "探索 - 创意"},
  {"key": "gui_fgc_explore_0", "value": "探索中的总回合数"},
  {"key": "gui_fgc_explore_1", "value": "通过 FGAnalyst API 获取探索回合 (cloudseeker.xyz/fga/)"},
  {"key": "gui_cosmetics_search", "value": "搜索化妆品"},
  {"key": "stats_qual_times", "value": "总合格次数"},
  {"key": "stats_elim_times", "value": "总淘汰次数"},
  {"key": "stats_win_times", "value": "总胜利次数"},
  {"key": "gui_creative_loader_warning", "value": "注意：某些障碍物和游戏模式可能无法按预期工作。"},
  {"key": "gui_cosmetics_search_for", "value": "搜索"},
  {"key": "gui_total_found_items", "value": "找到的总物品数"},
  {"key": "gui_cosmetics_search_nothing", "value": "未找到化妆品"},
  {"key": "gui_cosmetics_search_err", "value": "搜索错误"},
  {"key": "gui_cosmetics_search_reset", "value": "重置"},
  {"key": "gui_begin_search", "value": "搜索一些内容"},
  {"key": "gui_cosmetics_search_live_search", "value": "实时搜索"},
  {"key": "explore_start_title", "value": "开始探索？"},
  {"key": "explore_start_desc", "value": "这将加载您进入一个随机探索回合！"},
  {"key": "critical_error_title", "value": "严重错误"},
  {"key": "critical_error_desc", "value": "{loaderName} 遇到了严重错误。请离开游戏并在 Discord 服务器中发送 BepInEx 日志"},
  {"key": "gui_localization", "value": "语言"},
  {"key": "gui_localization_act0", "value": "更改语言？"},
  {"key": "gui_localization_act1", "value": "您确定吗？"},
  {"key": "gui_localization_act2", "value": "要更改语言，您必须在主菜单中"},
  {"key": "gui_localization_author", "value": "此翻译由制作"},
  {"key": "gui_download_progress_lang", "value": "获取本地化"},
  {"key": "gui_download_progress_def", "value": "获取 {loaderName} 信息"},
  {"key": "gui_download_progress_themes", "value": "获取主题"},
  {"key": "gui_download_progress_explore", "value": "获取探索回合"},
  {"key": "gui_download_progress_explore_waiting", "value": "准备获取探索回合。等待 FGAnalyst 响应"},
  {"key": "gui_downloading_title", "value": "等等！"},
  {"key": "gui_downloading_desc", "value": "{loaderName} 需要从互联网获取额外信息。\\n\\n稍等片刻，应该不会超过一分钟"},
  {"key": "gui_explore_error_title", "value": "没有回合"},
  {"key": "gui_explore_error_desc", "value": "探索回合未加载，请稍后再试"},
  {"key": "gui_fgc_placeholder", "value": "输入关卡分享代码以查看其信息！"},
  {"key": "gui_fgc_not_found", "value": "无法找到具有以下分享代码的关卡，请确保正确输入并重试"},
  {"key": "gui_debug_saved_in", "value": "保存在 {loaderName} 文件夹中"},
  {"key": "gui_debug_hide", "value": "{0} 隐藏"},
  {"key": "gui_debug_new_report", "value": "新错误报告"},
  {"key": "gui_debug_new_report_desc", "value": "这将在 {loaderName} 文件夹中创建包含所有有用信息的报告"},
  {"key": "gui_debug_new_report_success", "value": "错误报告已保存在 {loaderName} 文件夹中"},
  {"key": "gui_debug_new_report_fail", "value": "无法创建错误报告"},
  {"key": "gui_debug_report_folder", "value": "报告文件夹"},
  {"key": "gui_themes_catalogue_empty", "value": "目录为空"},
  {"key": "gui_select", "value": "选择"},
  {"key": "gui_catalogue_theme_exists_new", "value": "此主题的文件夹已存在。它将被删除！"},
  {"key": "gui_theme_download_progress", "value": "正在下载主题 \"{0}\"。请稍等"},
  {"key": "gui_complete", "value": "完成"},
  {"key": "gui_theme_download_error", "value": "无法下载主题"},
  {"key": "gui_theme_download_error_0", "value": "以下是可能发生的常见原因"},
  {"key": "gui_theme_download_error_1", "value": "- 网络问题"},
  {"key": "gui_theme_download_error_2", "value": "- 主题文件已从服务器删除"},
  {"key": "gui_theme_download_error_3", "value": "- 包含主题文件的服务器可能已关闭"},
  {"key": "gui_theme_download_error_4", "value": "- 距离您的电脑爆炸还有 10 分钟"},
  {"key": "gui_error_we_got", "value": "我们遇到的错误"},
  {"key": "gui_theme_selected_error", "value": "无法下载此主题，因为它已被选中，请选择另一个主题并重试"},
  {"key": "gui_round_options", "value": "回合规则"},
  {"key": "gui_round_options_pcount", "value": "玩家数量"},
  {"key": "gui_round_options_pcount_desc", "value": "对某些回合有用，如 hex-a-ring"},
  {"key": "gui_round_options_timer", "value": "启用计时器？"},
  {"key": "gui_round_options_timer_limit", "value": "回合长度"},
  {"key": "gui_minutes", "value": "分钟"},
  {"key": "gui_seconds", "value": "秒"},
  {"key": "gui_round_options_seed", "value": "回合种子"},
  {"key": "gui_round_options_seed_desc", "value": "如果为空或为 0，种子将随机选择"},
  {"key": "gui_save_apply", "value": "保存并应用"},
  {"key": "gui_round_options_hardmode", "value": "困难模式"},
  {"key": "gui_round_options_timer_limit_desc", "value": "如果未设置时间，将使用默认回合时间。"},
  {"key": "gui_debug_as_zip", "value": "创建为 ZIP"},
  {"key": "newsfeed_beta_private_title", "value": "欢迎来到 {loaderName} 内测版"},
  {"key": "newsfeed_beta_private_desc", "value": "您已经知道在这里该做什么，继续吧！"},
  {"key": "gui_up_prompt", "value": "您正在探索中。要能够选择回合，请返回主菜单"},
  {"key": "gui_debug_press_again", "value": "再次按 {0} 打开调试信息"},
  {"key": "gui_theme_dir", "value": "主题目录"},
  {"key": "gui_theme_del", "value": "删除主题"},
  {"key": "gui_theme_delete_title", "value": "删除主题 \"{0}\"？"},
  {"key": "gui_theme_delete_desc", "value": "您确定吗？"},
  {"key": "gui_play_explore_unity", "value": "探索 - Unity"},
  {"key": "gui_play_explore_endless", "value": "探索 - 无尽"},
  {"key": "gui_explore_endless_title", "value": "什么是探索无尽？"},
  {"key": "gui_explore_endless_desc", "value": "探索无尽是 Unity 和探索回合的混合。您有 50% 的机会获得 Unity 地图或普通探索地图"},
  {"key": "gui_explore_desc_base", "value": "{loaderName} 中的探索如何工作？\\n- 您可以像在基础游戏中一样跳过回合\\n- 您可以在配置中按类型过滤回合\\n- 在生存回合中，您的时间限制设置将被忽略\\n- 要停止玩探索回合，请使用暂停菜单或 {loaderName} GUI"},
  {"key": "gui_explore_unity_title", "value": ""},
  {"key": "gui_explore_unity_desc", "value": ""},
  {"key": "gui_localization_faq_title", "value": "如何翻译 {loaderName}？"},
  {"key": "gui_localization_faq_desc", "value": "- 在本地化文件夹中创建一个具有所需语言代码的新文件夹（如有需要，请参考 assets 中的 language-codes.csv）。\\n- 复制现有本地化文件夹中的\"locale.csv\"并将其放入您的新文件夹中。\\n- 通过任何 CSV 编辑器打开\"locale.csv\"并更改您想要的内容。\\n- 完成后，以 UTF-8 编码保存您的更改（应为默认设置）。\\n- 要在游戏中使用您的本地化，请在配置中为\"本地化文件名\"指定文件夹名称或使用 {loaderName} GUI。\\n- 如果您想翻译配置描述和制作人员，请从现有本地化中复制特定文件（credits.txt 和 config-descs.txt）并将其放入您的本地化文件夹中，然后以相同方式翻译它们。\\n- 欢迎在 {loaderName} Discord 服务器上提交您的翻译。它们很可能在下次更新中包含在模组中。"},
  {"key": "gui_themes_faq_title", "value": "如何制作主题？"},
  {"key": "gui_themes_faq_desc", "value": ""},
  {"key": "gui_themes_catalogue_faq_title", "value": "如何将我的主题添加到目录中？"},
  {"key": "gui_themes_catalogue_faq_desc", "value": "在 Discord 服务器中发送主题文件，如果足够好，它将被添加。"},
  {"key": "gui_btn_got_it", "value": "知道了！"},
  {"key": "gui_localization_lang_dir", "value": "语言目录"},
  {"key": "gui_ugc_show_tab", "value": "自定义节目"},
  {"key": "gui_ugc_show_about", "value": "自定义节目是由 {loaderName} 用户制作的节目。"},
  {"key": "gui_show_no_rounds_title", "value": "无法找到任何可玩的回合！"},
  {"key": "gui_show_no_rounds_desc", "value": "请检查您的回合过滤器和节目回合池。"},
  {"key": "failed_desc_new", "value": "出了点问题..."},
  {"key": "gui_page", "value": "页面"},
  {"key": "gui_out_of", "value": "共"},
  {"key": "fgc_temp_request_ban", "value": "您向 Fall Guys 服务器发送请求过于频繁，这可能会导致 Fall Guys 服务器临时封禁您的 IP"},
  {"key": "ratelimited_title", "value": "速率限制！"},
  {"key": "fgc_temp_request_ban_1", "value": "正如我所说，您不能在这么短的时间内发送那么多请求。您明白我的意思吗？"},
  {"key": "fgc_temp_request_ban_2", "value": "伙计，这甚至不有趣"},
  {"key": "fgc_temp_request_ban_3", "value": "您会后悔的..."},
  {"key": "fgc_temp_request_ban_desc", "value": "为了您的安全，在之前您不能发送新请求"},
  {"key": "gui_random_no_rounds", "value": "无法找到任何可加载的回合。"},
  {"key": "changelog_limit_new", "value": "{outLines} 个更改未在此列出。在 Discord 服务器中查看完整更新日志！"},
  {"key": "gui_download_progress_playlists", "value": "获取用户制作的节目"},
  {"key": "gui_preset_first_wheel", "value": "第一个轮子选项"},
  {"key": "gui_preset_second_wheel", "value": "第二个轮子选项"},
  {"key": "gui_preset_phrase", "value": "短语"},
  {"key": "gui_preset_emoticon", "value": "表情符号"},
  {"key": "gui_preset_date", "value": "创建日期"},
  {"key": "gui_show_unnamed", "value": "未命名节目"},
  {"key": "gui_show_onlyon", "value": "仅在舞台上"},
  {"key": "gui_show_cannotbe", "value": "不能在舞台上"},
  {"key": "gui_round_unnamed", "value": "未命名回合"},
  {"key": "gui_fgc_local_autosaves", "value": "创意自动保存"},
  {"key": "gui_fgc_local_autosaves_desc", "value": "每次 {loaderName} 自动保存您的关卡时，其本地副本都会在 {loaderName} 文件夹中创建。您始终可以通过选择它来返回此副本。"},
  {"key": "gui_local_save_load", "value": "加载保存"},
  {"key": "gui_local_save_create", "value": "保存当前关卡"},
  {"key": "gui_local_save_del_all", "value": "删除所有保存"},
  {"key": "gui_local_save_checksum_fail_title", "value": "无法验证关卡"},
  {"key": "gui_local_save_checksum_fail_desc", "value": "很可能关卡被外部修改，这是不允许的。撤销对关卡所做的所有更改并尝试重新加载它。"},
  {"key": "gui_local_save_generic_error_title", "value": "抱歉！"},
  {"key": "gui_local_save_generic_error_desc", "value": "自动保存加载时出了问题。如果您无法自行解决，请在 {loaderName} Discord 服务器中寻求帮助。您也可以在游戏重启后尝试再次加载此保存，这可能会有帮助"},
  {"key": "gui_local_save_missing_error_title", "value": "未找到关卡"},
  {"key": "gui_local_save_missing_error_desc", "value": "未找到保存的关卡。也许您移动或删除了它？"},
  {"key": "gui_local_save_metadata_error_title", "value": "未找到关卡数据"},
  {"key": "gui_local_save_metadata_error_desc", "value": "选择另一个关卡"},
  {"key": "gui_local_save_menu_error_title", "value": "不在菜单中"},
  {"key": "gui_local_save_menu_error_desc", "value": "要加载自动保存，您必须在主菜单中。"},
  {"key": "gui_delete_local_saves_title", "value": "删除所有本地保存的关卡？"},
  {"key": "gui_delete_local_saves_desc", "value": "所有本地保存的关卡将被删除，您的游戏将关闭。"},
  {"key": "gui_local_save_fresh_warn", "value": "您可能无法保存此关卡！"},
  {"key": "gui_cosmetics_search_as_list", "value": "以列表形式查看结果"},
  {"key": "gui_local_save_no_saves", "value": "还没有保存的关卡！"},
  {"key": "gui_fgc_autosave_result", "value": "自动保存结果 «{0}»"},
  {"key": "gui_fgc_autosave_going", "value": "关卡保存中..."},
  {"key": "gui_local_save_del_level", "value": "删除此关卡的保存"},
  {"key": "gui_local_save_del_level_title", "value": "删除关卡 «{0}» 的所有保存？"},
  {"key": "gui_local_save_del_level_desc", "value": "关卡 «{0}» 的所有保存将被删除。这包括 {1} 个保存。"},
  {"key": "gui_local_save_del_save", "value": "删除选定的保存"},
  {"key": "gui_local_save_del_save_title", "value": "删除保存 «{0}»？"},
  {"key": "gui_local_save_del_save_desc", "value": "关卡 «{1}» 的保存 «{0}» 将被删除。"},
  {"key": "gui_space_after_deletion", "value": "删除将为您释放 «{0}» 的磁盘空间"},
  {"key": "gui_deletion_generic_warning", "value": "<b>此操作无法撤销！</b>"},
  {"key": "gui_local_save_stat_level", "value": "关卡信息"},
  {"key": "gui_local_save_stat_0", "value": "对于关卡"},
  {"key": "gui_local_save_stat_1", "value": "保存于"},
  {"key": "gui_local_save_stat_2", "value": "关卡状态"},
  {"key": "gui_local_save_stat_3", "value": "关卡版本"},
  {"key": "unable_to_find_round_scene", "value": "看起来此回合中使用的场景 «{0}» 已从游戏文件中删除。您无法加载它。"},
  {"key": "gui_cosmetics_search_as_list_title", "value": "搜索结果将显示在这里！"},
  {"key": "gui_local_save_info_placeholder", "value": "关卡信息将显示在这里！"},
  {"key": "credits_main_section", "value": "{loaderName}"},
  {"key": "credits_dev_section", "value": "{loaderName} 开发"},
  {"key": "credits_translators_section", "value": "翻译者"},
  {"key": "credits_playtesting_section", "value": "游戏测试"},
  {"key": "credits_special_section", "value": "特别感谢"},
  {"key": "gui_localization_note", "value": "注意：{loaderName} 只有 <color=grey>{0}</color> 种官方翻译，适用于以下语言：<color=grey>{1}</color>。\\n任何其他翻译都是由 {loaderName} 用户制作的，这意味着它们可能已过时或不完全正确"},
  {"key": "content_err_title", "value": "内容下载失败"},
  {"key": "content_err_desc", "value": "下载内容时出了问题... 检查您的网络连接并重试，如果错误仍然存在，请在 Discord 服务器中寻求帮助。\\n\\n错误消息：{0}"},
  {"key": "content_err_ok", "value": "重试"},
  {"key": "content_err_cancel", "value": "退出游戏"},
  {"key": "new_gui_err_title", "value": "无法正确绘制 GUI"},
  {"key": "new_gui_err_desc", "value": "尝试绘制 GUI 时出了问题。这很可能意味着您将无法访问 {loaderName} UI 或其显示不正确。\\n如果您在 Fall Guys 更新后遇到此错误，请等待未来的 {loaderName} 更新，否则请在 Discord 服务器中寻求帮助。\\n\\n错误消息：{0}"},
  {"key": "gui_localization_author_v2", "value": "翻译者：{0} | 最后更新：{1}"},
  {"key": "gui_disabled_feature", "value": "抱歉！此功能暂时禁用。\\n在 Discord 服务器中查看更多信息"},
  {"key": "server_generic_error_title", "value": "出了问题"},
  {"key": "server_host_error", "value": "由于错误，我们无法托管服务器，请尝试重新启动游戏。"},
  {"key": "server_join_error", "value": "目前我们无法加入服务器，请检查您与主机的连接并尝试重新启动游戏。"},
  {"key": "gui_lan_multiplayer", "value": "局域网多人游戏"},
  {"key": "lan_ip_field_holder", "value": "服务器 IP"},
  {"key": "lan_port_field_holder", "value": "服务器端口"},
  {"key": "lan_players_field_holder", "value": "大厅大小"},
  {"key": "gui_server_host", "value": "托管服务器"},
  {"key": "gui_server_join", "value": "加入服务器"},
  {"key": "gui_server_shutdown", "value": "关闭服务器"},
  {"key": "latest_preset_set_title", "value": "预设已自动应用"},
  {"key": "latest_preset_set_desc", "value": "由于配置设置，预设 \"{0}\" 已自动设置。"},
  {"key": "gui_fgc_explore_1_v2", "value": "通过 Fall Guys API 直接获取探索回合"},
  {"key": "gui_download_progress_content", "value": "获取 {loaderName} 内容"},
  {"key": "gui_only_in_menu", "value": "此功能仅在主菜单中可用"},
  {"key": "gui_unavailable_here", "value": "此功能目前不可用"},
  {"key": "gui_play_selected", "value": "玩选定的！"},
  {"key": "server_join_update_title", "value": "需要更新"},
  {"key": "server_join_update_desc", "value": "您尝试加入的服务器托管在较新的 {loaderName} 版本上！请更新您的 {loaderName} 版本以匹配主机版本，以防止游戏中的问题"},
  {"key": "server_host_update_title", "value": "告诉主机更新"},
  {"key": "server_host_update_desc", "value": "您尝试加入的服务器托管在较旧的 {loaderName} 版本上！确保主机运行与您相同的版本，以防止游戏中的问题。"},
  {"key": "server_join_version_difference_title", "value": "版本差异"},
  {"key": "server_join_version_difference_desc", "value": "您尝试加入的服务器托管在不同的 {loaderName} 版本上！确保您和主机运行相同的 {loaderName} 版本（构建 ID 应匹配）以防止游戏中的问题。\\n要检查您的构建 ID，请打开调试信息"},
  {"key": "server_fatal_error_title", "value": "致命错误"},
  {"key": "server_fatal_error_desc", "value": "服务器遇到致命错误，无法继续运行。\\n检查日志以获取详细信息并报告此问题"},
  {"key": "gui_ui_in_locker", "value": "在储物柜中时无法切换 UI，请先关闭储物柜"},
  {"key": "gui_missing_round", "value": "您尝试加载的回合 \"{0}\" 无法找到，请检查 ID 是否拼写正确"},
  {"key": "gui_error_msg_v2", "value": "在 {loaderName} Discord 服务器中报告此错误，并解释导致此错误的原因，请提供按 {0} 可获得的调试信息"},
  {"key": "fgt_tooltip_13", "value": "如果您想玩 {loaderName} 但上帝说尝试读取或写入受保护的内存。这通常表明其他内存已损坏。"},
  {"key": "pre_release_warn_title", "value": "提醒"},
  {"key": "pre_release_warn_desc", "value": "您正在玩的版本处于预发布状态，如果出现问题请报告"},
  {"key": "gui_local_save_no_levels_title", "value": "没有关卡"},
  {"key": "gui_local_save_no_levels_desc", "value": "未找到要删除的保存关卡。"},
  {"key": "img2fgc_no_levels", "value": "未找到关卡，在使用此操作之前请先打开关卡选择器"}
]